

================================================================
== Vitis HLS Report for 'stim_frame_sampler'
================================================================
* Date:           Tue Sep  1 15:08:53 2026

* Version:        2023.2 (Build 4023990 on Oct 11 2023)
* Project:        stim_frame_sampler
* Solution:       solution (Vitis Kernel Flow Target)
* Product family: virtexuplusHBM
* Target device:  xcu55c-fsvh2892-2L-e


================================================================
== Performance Estimates
================================================================
+ Timing: 
    * Summary: 
    +--------+---------+----------+------------+
    |  Clock |  Target | Estimated| Uncertainty|
    +--------+---------+----------+------------+
    |ap_clk  |  4.00 ns|  3.044 ns|     1.08 ns|
    +--------+---------+----------+------------+

+ Latency: 
    * Summary: 
    +---------+---------+----------+----------+-----+-----+---------+
    |  Latency (cycles) |  Latency (absolute) |  Interval | Pipeline|
    |   min   |   max   |    min   |    max   | min | max |   Type  |
    +---------+---------+----------+----------+-----+-----+---------+
    |        ?|        ?|         ?|         ?|    ?|    ?|       no|
    +---------+---------+----------+----------+-----+-----+---------+

    + Detail: 
        * Instance: 
        +-----------------------------------------------------------+-----------------------------------------------+---------+---------+-----------+-----------+-----+-----+---------+
        |                                                           |                                               |  Latency (cycles) |   Latency (absolute)  |  Interval | Pipeline|
        |                          Instance                         |                     Module                    |   min   |   max   |    min    |    max    | min | max |   Type  |
        +-----------------------------------------------------------+-----------------------------------------------+---------+---------+-----------+-----------+-----+-----+---------+
        |grp_stim_frame_sampler_Pipeline_RESET_ALL_QUBITS_fu_3533   |stim_frame_sampler_Pipeline_RESET_ALL_QUBITS   |      130|      130|   0.520 us|   0.520 us|  130|  130|       no|
        |grp_stim_frame_sampler_Pipeline_RESET_DETECTORS_fu_3541    |stim_frame_sampler_Pipeline_RESET_DETECTORS    |      258|      258|   1.032 us|   1.032 us|  258|  258|       no|
        |grp_stim_frame_sampler_Pipeline_RESET_OBSERVABLES_fu_3547  |stim_frame_sampler_Pipeline_RESET_OBSERVABLES  |       10|       10|  40.000 ns|  40.000 ns|   10|   10|       no|
        |grp_p_anonymous_namespace_draw_noise_fu_3553               |p_anonymous_namespace_draw_noise               |       56|       56|   0.224 us|   0.224 us|   56|   56|       no|
        |grp_p_anonymous_namespace_depolarize2_combo_fu_3564        |p_anonymous_namespace_depolarize2_combo        |        2|        2|   8.000 ns|   8.000 ns|    2|    2|       no|
        |grp_stim_frame_sampler_Pipeline_FOLD_DETECTORS_fu_3577     |stim_frame_sampler_Pipeline_FOLD_DETECTORS     |      331|      331|   1.324 us|   1.324 us|  331|  331|       no|
        |grp_stim_frame_sampler_Pipeline_FOLD_OBSERVABLES_fu_3586   |stim_frame_sampler_Pipeline_FOLD_OBSERVABLES   |       83|       83|   0.332 us|   0.332 us|   83|   83|       no|
        |grp_stim_frame_sampler_Pipeline_WRITE_DETECTORS_fu_3595    |stim_frame_sampler_Pipeline_WRITE_DETECTORS    |      259|      259|   1.036 us|   1.036 us|  259|  259|       no|
        |grp_stim_frame_sampler_Pipeline_WRITE_OBSERVABLES_fu_3603  |stim_frame_sampler_Pipeline_WRITE_OBSERVABLES  |       10|       10|  40.000 ns|  40.000 ns|   10|   10|       no|
        +-----------------------------------------------------------+-----------------------------------------------+---------+---------+-----------+-----------+-----+-----+---------+

        * Loop: 
        +---------------------+---------+---------+----------+-----------+-----------+------+----------+
        |                     |  Latency (cycles) | Iteration|  Initiation Interval  | Trip |          |
        |      Loop Name      |   min   |   max   |  Latency |  achieved |   target  | Count| Pipelined|
        +---------------------+---------+---------+----------+-----------+-----------+------+----------+
        |- LAYER_LOOP         |        ?|        ?|         ?|          -|          -|     ?|        no|
        | + INSTRUCTION_LOOP  |        ?|        ?|  80 ~ 499|          -|          -|     ?|        no|
        +---------------------+---------+---------+----------+-----------+-----------+------+----------+



================================================================
== Utilization Estimates
================================================================
* Summary: 
+---------------------+---------+------+---------+---------+-----+
|         Name        | BRAM_18K|  DSP |    FF   |   LUT   | URAM|
+---------------------+---------+------+---------+---------+-----+
|DSP                  |        -|     -|        -|        -|    -|
|Expression           |        -|     -|        0|    41380|    -|
|FIFO                 |        -|     -|        -|        -|    -|
|Instance             |       60|   708|   119881|   167764|    0|
|Memory               |        6|     -|       64|       65|    0|
|Multiplexer          |        -|     -|        -|     8513|    -|
|Register             |        -|     -|    24405|        -|    -|
+---------------------+---------+------+---------+---------+-----+
|Total                |       66|   708|   144350|   217722|    0|
+---------------------+---------+------+---------+---------+-----+
|Available SLR        |     1344|  3008|   869120|   434560|  320|
+---------------------+---------+------+---------+---------+-----+
|Utilization SLR (%)  |        4|    23|       16|       50|    0|
+---------------------+---------+------+---------+---------+-----+
|Available            |     4032|  9024|  2607360|  1303680|  960|
+---------------------+---------+------+---------+---------+-----+
|Utilization (%)      |        1|     7|        5|       16|    0|
+---------------------+---------+------+---------+---------+-----+

+ Detail: 
    * Instance: 
    +-----------------------------------------------------------+-----------------------------------------------+---------+-----+--------+--------+-----+
    |                          Instance                         |                     Module                    | BRAM_18K| DSP |   FF   |   LUT  | URAM|
    +-----------------------------------------------------------+-----------------------------------------------+---------+-----+--------+--------+-----+
    |control_s_axi_U                                            |control_s_axi                                  |        0|    0|     468|     808|    0|
    |gmem0_m_axi_U                                              |gmem0_m_axi                                    |       30|    0|    3521|    2695|    0|
    |gmem1_m_axi_U                                              |gmem1_m_axi                                    |       30|    0|    3521|    2695|    0|
    |mul_64s_7ns_64_5_1_U102                                    |mul_64s_7ns_64_5_1                             |        0|    4|     441|     249|    0|
    |grp_p_anonymous_namespace_depolarize2_combo_fu_3564        |p_anonymous_namespace_depolarize2_combo        |        0|    0|      14|      62|    0|
    |grp_p_anonymous_namespace_draw_noise_fu_3553               |p_anonymous_namespace_draw_noise               |        0|  704|  109097|  155520|    0|
    |grp_stim_frame_sampler_Pipeline_FOLD_DETECTORS_fu_3577     |stim_frame_sampler_Pipeline_FOLD_DETECTORS     |        0|    0|     880|    2513|    0|
    |grp_stim_frame_sampler_Pipeline_FOLD_OBSERVABLES_fu_3586   |stim_frame_sampler_Pipeline_FOLD_OBSERVABLES   |        0|    0|     865|    2491|    0|
    |grp_stim_frame_sampler_Pipeline_RESET_ALL_QUBITS_fu_3533   |stim_frame_sampler_Pipeline_RESET_ALL_QUBITS   |        0|    0|      10|      58|    0|
    |grp_stim_frame_sampler_Pipeline_RESET_DETECTORS_fu_3541    |stim_frame_sampler_Pipeline_RESET_DETECTORS    |        0|    0|      11|      60|    0|
    |grp_stim_frame_sampler_Pipeline_RESET_OBSERVABLES_fu_3547  |stim_frame_sampler_Pipeline_RESET_OBSERVABLES  |        0|    0|       6|      51|    0|
    |grp_stim_frame_sampler_Pipeline_WRITE_DETECTORS_fu_3595    |stim_frame_sampler_Pipeline_WRITE_DETECTORS    |        0|    0|     528|     491|    0|
    |grp_stim_frame_sampler_Pipeline_WRITE_OBSERVABLES_fu_3603  |stim_frame_sampler_Pipeline_WRITE_OBSERVABLES  |        0|    0|     519|      71|    0|
    +-----------------------------------------------------------+-----------------------------------------------+---------+-----+--------+--------+-----+
    |Total                                                      |                                               |       60|  708|  119881|  167764|    0|
    +-----------------------------------------------------------+-----------------------------------------------+---------+-----+--------+--------+-----+

    * DSP: 
    N/A

    * Memory: 
    +--------------------+--------------------------------+---------+----+----+-----+------+-----+------+-------------+
    |       Memory       |             Module             | BRAM_18K| FF | LUT| URAM| Words| Bits| Banks| W*Bits*Banks|
    +--------------------+--------------------------------+---------+----+----+-----+------+-----+------+-------------+
    |fold_detectors_U    |fold_detectors_RAM_AUTO_1R1W    |        2|   0|   0|    0|   256|   64|     1|        16384|
    |fold_observables_U  |fold_observables_RAM_AUTO_1R1W  |        0|  64|  65|    0|     8|   64|     1|          512|
    |fs_x_U              |fs_x_RAM_AUTO_1R1W              |        2|   0|   0|    0|   128|   64|     1|         8192|
    |fs_z_U              |fs_x_RAM_AUTO_1R1W              |        2|   0|   0|    0|   128|   64|     1|         8192|
    +--------------------+--------------------------------+---------+----+----+-----+------+-----+------+-------------+
    |Total               |                                |        6|  64|  65|    0|   520|  256|     4|        33280|
    +--------------------+--------------------------------+---------+----+----+-----+------+-----+------+-------------+

    * FIFO: 
    N/A

    * Expression: 
    +-----------------------------------+----------+----+---+------+------------+------------+
    |           Variable Name           | Operation| DSP| FF|  LUT | Bitwidth P0| Bitwidth P1|
    +-----------------------------------+----------+----+---+------+------------+------------+
    |add_ln146_fu_3961_p2               |         +|   0|  0|    71|          64|          64|
    |add_ln147_fu_4008_p2               |         +|   0|  0|    71|          64|           3|
    |add_ln148_fu_3943_p2               |         +|   0|  0|    38|          31|           1|
    |add_ln150_fu_7863_p2               |         +|   0|  0|    71|          64|           1|
    |add_ln193_fu_4183_p2               |         +|   0|  0|    10|           3|           1|
    |empty_39_fu_4093_p2                |         +|   0|  0|    71|          64|          64|
    |grp_fu_3615_p2                     |         +|   0|  0|    71|          64|           3|
    |and_ln225_10_fu_10525_p2           |       and|   0|  0|     2|           1|           1|
    |and_ln225_11_fu_10611_p2           |       and|   0|  0|     2|           1|           1|
    |and_ln225_12_fu_10698_p2           |       and|   0|  0|     2|           1|           1|
    |and_ln225_13_fu_10751_p2           |       and|   0|  0|     2|           1|           1|
    |and_ln225_14_fu_10866_p2           |       and|   0|  0|     2|           1|           1|
    |and_ln225_15_fu_10953_p2           |       and|   0|  0|     2|           1|           1|
    |and_ln225_16_fu_11006_p2           |       and|   0|  0|     2|           1|           1|
    |and_ln225_17_fu_11121_p2           |       and|   0|  0|     2|           1|           1|
    |and_ln225_18_fu_11208_p2           |       and|   0|  0|     2|           1|           1|
    |and_ln225_19_fu_11261_p2           |       and|   0|  0|     2|           1|           1|
    |and_ln225_1_fu_9759_p2             |       and|   0|  0|     2|           1|           1|
    |and_ln225_20_fu_11376_p2           |       and|   0|  0|     2|           1|           1|
    |and_ln225_21_fu_11463_p2           |       and|   0|  0|     2|           1|           1|
    |and_ln225_22_fu_11516_p2           |       and|   0|  0|     2|           1|           1|
    |and_ln225_23_fu_11631_p2           |       and|   0|  0|     2|           1|           1|
    |and_ln225_24_fu_11718_p2           |       and|   0|  0|     2|           1|           1|
    |and_ln225_25_fu_11771_p2           |       and|   0|  0|     2|           1|           1|
    |and_ln225_26_fu_11886_p2           |       and|   0|  0|     2|           1|           1|
    |and_ln225_27_fu_11973_p2           |       and|   0|  0|     2|           1|           1|
    |and_ln225_28_fu_12026_p2           |       and|   0|  0|     2|           1|           1|
    |and_ln225_29_fu_12141_p2           |       and|   0|  0|     2|           1|           1|
    |and_ln225_2_fu_9846_p2             |       and|   0|  0|     2|           1|           1|
    |and_ln225_30_fu_12228_p2           |       and|   0|  0|     2|           1|           1|
    |and_ln225_31_fu_12281_p2           |       and|   0|  0|     2|           1|           1|
    |and_ln225_32_fu_12396_p2           |       and|   0|  0|     2|           1|           1|
    |and_ln225_33_fu_12483_p2           |       and|   0|  0|     2|           1|           1|
    |and_ln225_34_fu_12536_p2           |       and|   0|  0|     2|           1|           1|
    |and_ln225_35_fu_12651_p2           |       and|   0|  0|     2|           1|           1|
    |and_ln225_36_fu_12738_p2           |       and|   0|  0|     2|           1|           1|
    |and_ln225_37_fu_12791_p2           |       and|   0|  0|     2|           1|           1|
    |and_ln225_38_fu_12906_p2           |       and|   0|  0|     2|           1|           1|
    |and_ln225_39_fu_12993_p2           |       and|   0|  0|     2|           1|           1|
    |and_ln225_3_fu_9928_p2             |       and|   0|  0|     2|           1|           1|
    |and_ln225_40_fu_13046_p2           |       and|   0|  0|     2|           1|           1|
    |and_ln225_41_fu_13161_p2           |       and|   0|  0|     2|           1|           1|
    |and_ln225_42_fu_13248_p2           |       and|   0|  0|     2|           1|           1|
    |and_ln225_43_fu_13301_p2           |       and|   0|  0|     2|           1|           1|
    |and_ln225_44_fu_13416_p2           |       and|   0|  0|     2|           1|           1|
    |and_ln225_45_fu_13503_p2           |       and|   0|  0|     2|           1|           1|
    |and_ln225_46_fu_13556_p2           |       and|   0|  0|     2|           1|           1|
    |and_ln225_47_fu_13671_p2           |       and|   0|  0|     2|           1|           1|
    |and_ln225_48_fu_13758_p2           |       and|   0|  0|     2|           1|           1|
    |and_ln225_49_fu_13811_p2           |       and|   0|  0|     2|           1|           1|
    |and_ln225_4_fu_10014_p2            |       and|   0|  0|     2|           1|           1|
    |and_ln225_50_fu_13926_p2           |       and|   0|  0|     2|           1|           1|
    |and_ln225_51_fu_14013_p2           |       and|   0|  0|     2|           1|           1|
    |and_ln225_52_fu_14066_p2           |       and|   0|  0|     2|           1|           1|
    |and_ln225_53_fu_14181_p2           |       and|   0|  0|     2|           1|           1|
    |and_ln225_54_fu_14268_p2           |       and|   0|  0|     2|           1|           1|
    |and_ln225_55_fu_14321_p2           |       and|   0|  0|     2|           1|           1|
    |and_ln225_56_fu_14436_p2           |       and|   0|  0|     2|           1|           1|
    |and_ln225_57_fu_14523_p2           |       and|   0|  0|     2|           1|           1|
    |and_ln225_58_fu_14576_p2           |       and|   0|  0|     2|           1|           1|
    |and_ln225_59_fu_14691_p2           |       and|   0|  0|     2|           1|           1|
    |and_ln225_5_fu_10101_p2            |       and|   0|  0|     2|           1|           1|
    |and_ln225_60_fu_14778_p2           |       and|   0|  0|     2|           1|           1|
    |and_ln225_61_fu_14831_p2           |       and|   0|  0|     2|           1|           1|
    |and_ln225_62_fu_14945_p2           |       and|   0|  0|     2|           1|           1|
    |and_ln225_6_fu_10188_p2            |       and|   0|  0|     2|           1|           1|
    |and_ln225_7_fu_10270_p2            |       and|   0|  0|     2|           1|           1|
    |and_ln225_8_fu_10356_p2            |       and|   0|  0|     2|           1|           1|
    |and_ln225_9_fu_10443_p2            |       and|   0|  0|     2|           1|           1|
    |and_ln225_fu_9672_p2               |       and|   0|  0|     2|           1|           1|
    |ap_block_state232_on_subcall_done  |       and|   0|  0|     2|           1|           1|
    |ap_block_state233_on_subcall_done  |       and|   0|  0|     2|           1|           1|
    |ap_block_state234_on_subcall_done  |       and|   0|  0|     2|           1|           1|
    |ap_block_state235_on_subcall_done  |       and|   0|  0|     2|           1|           1|
    |ap_block_state236_on_subcall_done  |       and|   0|  0|     2|           1|           1|
    |ap_block_state237_on_subcall_done  |       and|   0|  0|     2|           1|           1|
    |ap_block_state238_on_subcall_done  |       and|   0|  0|     2|           1|           1|
    |ap_block_state239_on_subcall_done  |       and|   0|  0|     2|           1|           1|
    |ap_block_state240_on_subcall_done  |       and|   0|  0|     2|           1|           1|
    |ap_block_state241_on_subcall_done  |       and|   0|  0|     2|           1|           1|
    |ap_block_state242_on_subcall_done  |       and|   0|  0|     2|           1|           1|
    |ap_block_state243_on_subcall_done  |       and|   0|  0|     2|           1|           1|
    |ap_block_state244_on_subcall_done  |       and|   0|  0|     2|           1|           1|
    |ap_block_state245_on_subcall_done  |       and|   0|  0|     2|           1|           1|
    |ap_block_state246_on_subcall_done  |       and|   0|  0|     2|           1|           1|
    |ap_block_state247_on_subcall_done  |       and|   0|  0|     2|           1|           1|
    |ap_block_state248_on_subcall_done  |       and|   0|  0|     2|           1|           1|
    |ap_block_state249_on_subcall_done  |       and|   0|  0|     2|           1|           1|
    |ap_block_state250_on_subcall_done  |       and|   0|  0|     2|           1|           1|
    |ap_block_state251_on_subcall_done  |       and|   0|  0|     2|           1|           1|
    |ap_block_state252_on_subcall_done  |       and|   0|  0|     2|           1|           1|
    |ap_block_state253_on_subcall_done  |       and|   0|  0|     2|           1|           1|
    |ap_block_state254_on_subcall_done  |       and|   0|  0|     2|           1|           1|
    |ap_block_state255_on_subcall_done  |       and|   0|  0|     2|           1|           1|
    |ap_block_state256_on_subcall_done  |       and|   0|  0|     2|           1|           1|
    |ap_block_state257_on_subcall_done  |       and|   0|  0|     2|           1|           1|
    |ap_block_state258_on_subcall_done  |       and|   0|  0|     2|           1|           1|
    |ap_block_state259_on_subcall_done  |       and|   0|  0|     2|           1|           1|
    |ap_block_state260_on_subcall_done  |       and|   0|  0|     2|           1|           1|
    |ap_block_state261_on_subcall_done  |       and|   0|  0|     2|           1|           1|
    |ap_block_state262_on_subcall_done  |       and|   0|  0|     2|           1|           1|
    |ap_block_state263_on_subcall_done  |       and|   0|  0|     2|           1|           1|
    |ap_block_state264_on_subcall_done  |       and|   0|  0|     2|           1|           1|
    |ap_block_state265_on_subcall_done  |       and|   0|  0|     2|           1|           1|
    |ap_block_state266_on_subcall_done  |       and|   0|  0|     2|           1|           1|
    |ap_block_state267_on_subcall_done  |       and|   0|  0|     2|           1|           1|
    |ap_block_state268_on_subcall_done  |       and|   0|  0|     2|           1|           1|
    |ap_block_state269_on_subcall_done  |       and|   0|  0|     2|           1|           1|
    |ap_block_state270_on_subcall_done  |       and|   0|  0|     2|           1|           1|
    |ap_block_state271_on_subcall_done  |       and|   0|  0|     2|           1|           1|
    |ap_block_state272_on_subcall_done  |       and|   0|  0|     2|           1|           1|
    |ap_block_state273_on_subcall_done  |       and|   0|  0|     2|           1|           1|
    |ap_block_state274_on_subcall_done  |       and|   0|  0|     2|           1|           1|
    |ap_block_state275_on_subcall_done  |       and|   0|  0|     2|           1|           1|
    |ap_block_state276_on_subcall_done  |       and|   0|  0|     2|           1|           1|
    |ap_block_state277_on_subcall_done  |       and|   0|  0|     2|           1|           1|
    |ap_block_state278_on_subcall_done  |       and|   0|  0|     2|           1|           1|
    |ap_block_state279_on_subcall_done  |       and|   0|  0|     2|           1|           1|
    |ap_block_state280_on_subcall_done  |       and|   0|  0|     2|           1|           1|
    |ap_block_state281_on_subcall_done  |       and|   0|  0|     2|           1|           1|
    |ap_block_state282_on_subcall_done  |       and|   0|  0|     2|           1|           1|
    |ap_block_state283_on_subcall_done  |       and|   0|  0|     2|           1|           1|
    |ap_block_state284_on_subcall_done  |       and|   0|  0|     2|           1|           1|
    |ap_block_state285_on_subcall_done  |       and|   0|  0|     2|           1|           1|
    |ap_block_state286_on_subcall_done  |       and|   0|  0|     2|           1|           1|
    |ap_block_state287_on_subcall_done  |       and|   0|  0|     2|           1|           1|
    |ap_block_state288_on_subcall_done  |       and|   0|  0|     2|           1|           1|
    |ap_block_state289_on_subcall_done  |       and|   0|  0|     2|           1|           1|
    |ap_block_state290_on_subcall_done  |       and|   0|  0|     2|           1|           1|
    |ap_block_state291_on_subcall_done  |       and|   0|  0|     2|           1|           1|
    |ap_block_state292_on_subcall_done  |       and|   0|  0|     2|           1|           1|
    |ap_block_state293_on_subcall_done  |       and|   0|  0|     2|           1|           1|
    |ap_block_state294_on_subcall_done  |       and|   0|  0|     2|           1|           1|
    |ap_block_state295_on_subcall_done  |       and|   0|  0|     2|           1|           1|
    |flip_x_2_fu_7945_p2                |       and|   0|  0|     2|           1|           1|
    |flip_z_1_fu_7939_p2                |       and|   0|  0|     2|           1|           1|
    |flip_x_fu_7909_p2                  |      icmp|   0|  0|    15|           8|           1|
    |flip_z_fu_7915_p2                  |      icmp|   0|  0|    15|           8|           1|
    |icmp_ln146_fu_3938_p2              |      icmp|   0|  0|    39|          32|          32|
    |icmp_ln150_fu_4084_p2              |      icmp|   0|  0|    71|          64|          64|
    |icmp_ln186_1_fu_15053_p2           |      icmp|   0|  0|    15|           8|           3|
    |icmp_ln186_2_fu_15078_p2           |      icmp|   0|  0|    15|           8|           3|
    |icmp_ln186_3_fu_15083_p2           |      icmp|   0|  0|    15|           8|           4|
    |icmp_ln186_fu_15048_p2             |      icmp|   0|  0|    15|           8|           3|
    |icmp_ln193_fu_4189_p2              |      icmp|   0|  0|    10|           3|           2|
    |icmp_ln206_fu_15020_p2             |      icmp|   0|  0|    15|           8|           5|
    |icmp_ln209_fu_15029_p2             |      icmp|   0|  0|    15|           8|           4|
    |icmp_ln223_10_fu_8219_p2           |      icmp|   0|  0|    15|           8|           1|
    |icmp_ln223_11_fu_8245_p2           |      icmp|   0|  0|    15|           8|           1|
    |icmp_ln223_12_fu_8271_p2           |      icmp|   0|  0|    15|           8|           1|
    |icmp_ln223_13_fu_8297_p2           |      icmp|   0|  0|    15|           8|           1|
    |icmp_ln223_14_fu_8323_p2           |      icmp|   0|  0|    15|           8|           1|
    |icmp_ln223_15_fu_8349_p2           |      icmp|   0|  0|    15|           8|           1|
    |icmp_ln223_16_fu_8375_p2           |      icmp|   0|  0|    15|           8|           1|
    |icmp_ln223_17_fu_8401_p2           |      icmp|   0|  0|    15|           8|           1|
    |icmp_ln223_18_fu_8427_p2           |      icmp|   0|  0|    15|           8|           1|
    |icmp_ln223_19_fu_8453_p2           |      icmp|   0|  0|    15|           8|           1|
    |icmp_ln223_1_fu_7985_p2            |      icmp|   0|  0|    15|           8|           1|
    |icmp_ln223_20_fu_8479_p2           |      icmp|   0|  0|    15|           8|           1|
    |icmp_ln223_21_fu_8505_p2           |      icmp|   0|  0|    15|           8|           1|
    |icmp_ln223_22_fu_8531_p2           |      icmp|   0|  0|    15|           8|           1|
    |icmp_ln223_23_fu_8557_p2           |      icmp|   0|  0|    15|           8|           1|
    |icmp_ln223_24_fu_8583_p2           |      icmp|   0|  0|    15|           8|           1|
    |icmp_ln223_25_fu_8609_p2           |      icmp|   0|  0|    15|           8|           1|
    |icmp_ln223_26_fu_8635_p2           |      icmp|   0|  0|    15|           8|           1|
    |icmp_ln223_27_fu_8661_p2           |      icmp|   0|  0|    15|           8|           1|
    |icmp_ln223_28_fu_8687_p2           |      icmp|   0|  0|    15|           8|           1|
    |icmp_ln223_29_fu_8713_p2           |      icmp|   0|  0|    15|           8|           1|
    |icmp_ln223_2_fu_8011_p2            |      icmp|   0|  0|    15|           8|           1|
    |icmp_ln223_30_fu_8739_p2           |      icmp|   0|  0|    15|           8|           1|
    |icmp_ln223_31_fu_8765_p2           |      icmp|   0|  0|    15|           8|           1|
    |icmp_ln223_32_fu_8791_p2           |      icmp|   0|  0|    15|           8|           1|
    |icmp_ln223_33_fu_8817_p2           |      icmp|   0|  0|    15|           8|           1|
    |icmp_ln223_34_fu_8843_p2           |      icmp|   0|  0|    15|           8|           1|
    |icmp_ln223_35_fu_8869_p2           |      icmp|   0|  0|    15|           8|           1|
    |icmp_ln223_36_fu_8895_p2           |      icmp|   0|  0|    15|           8|           1|
    |icmp_ln223_37_fu_8921_p2           |      icmp|   0|  0|    15|           8|           1|
    |icmp_ln223_38_fu_8947_p2           |      icmp|   0|  0|    15|           8|           1|
    |icmp_ln223_39_fu_8973_p2           |      icmp|   0|  0|    15|           8|           1|
    |icmp_ln223_3_fu_8037_p2            |      icmp|   0|  0|    15|           8|           1|
    |icmp_ln223_40_fu_8999_p2           |      icmp|   0|  0|    15|           8|           1|
    |icmp_ln223_41_fu_9025_p2           |      icmp|   0|  0|    15|           8|           1|
    |icmp_ln223_42_fu_9051_p2           |      icmp|   0|  0|    15|           8|           1|
    |icmp_ln223_43_fu_9077_p2           |      icmp|   0|  0|    15|           8|           1|
    |icmp_ln223_44_fu_9103_p2           |      icmp|   0|  0|    15|           8|           1|
    |icmp_ln223_45_fu_9129_p2           |      icmp|   0|  0|    15|           8|           1|
    |icmp_ln223_46_fu_9155_p2           |      icmp|   0|  0|    15|           8|           1|
    |icmp_ln223_47_fu_9181_p2           |      icmp|   0|  0|    15|           8|           1|
    |icmp_ln223_48_fu_9207_p2           |      icmp|   0|  0|    15|           8|           1|
    |icmp_ln223_49_fu_9233_p2           |      icmp|   0|  0|    15|           8|           1|
    |icmp_ln223_4_fu_8063_p2            |      icmp|   0|  0|    15|           8|           1|
    |icmp_ln223_50_fu_9259_p2           |      icmp|   0|  0|    15|           8|           1|
    |icmp_ln223_51_fu_9285_p2           |      icmp|   0|  0|    15|           8|           1|
    |icmp_ln223_52_fu_9311_p2           |      icmp|   0|  0|    15|           8|           1|
    |icmp_ln223_53_fu_9337_p2           |      icmp|   0|  0|    15|           8|           1|
    |icmp_ln223_54_fu_9363_p2           |      icmp|   0|  0|    15|           8|           1|
    |icmp_ln223_55_fu_9389_p2           |      icmp|   0|  0|    15|           8|           1|
    |icmp_ln223_56_fu_9415_p2           |      icmp|   0|  0|    15|           8|           1|
    |icmp_ln223_57_fu_9441_p2           |      icmp|   0|  0|    15|           8|           1|
    |icmp_ln223_58_fu_9467_p2           |      icmp|   0|  0|    15|           8|           1|
    |icmp_ln223_59_fu_9493_p2           |      icmp|   0|  0|    15|           8|           1|
    |icmp_ln223_5_fu_8089_p2            |      icmp|   0|  0|    15|           8|           1|
    |icmp_ln223_60_fu_9519_p2           |      icmp|   0|  0|    15|           8|           1|
    |icmp_ln223_61_fu_9545_p2           |      icmp|   0|  0|    15|           8|           1|
    |icmp_ln223_62_fu_9571_p2           |      icmp|   0|  0|    15|           8|           1|
    |icmp_ln223_6_fu_8115_p2            |      icmp|   0|  0|    15|           8|           1|
    |icmp_ln223_7_fu_8141_p2            |      icmp|   0|  0|    15|           8|           1|
    |icmp_ln223_8_fu_8167_p2            |      icmp|   0|  0|    15|           8|           1|
    |icmp_ln223_9_fu_8193_p2            |      icmp|   0|  0|    15|           8|           1|
    |icmp_ln223_fu_7959_p2              |      icmp|   0|  0|    15|           8|           1|
    |icmp_ln224_10_fu_8225_p2           |      icmp|   0|  0|    15|           8|           1|
    |icmp_ln224_11_fu_8251_p2           |      icmp|   0|  0|    15|           8|           1|
    |icmp_ln224_12_fu_8277_p2           |      icmp|   0|  0|    15|           8|           1|
    |icmp_ln224_13_fu_8303_p2           |      icmp|   0|  0|    15|           8|           1|
    |icmp_ln224_14_fu_8329_p2           |      icmp|   0|  0|    15|           8|           1|
    |icmp_ln224_15_fu_8355_p2           |      icmp|   0|  0|    15|           8|           1|
    |icmp_ln224_16_fu_8381_p2           |      icmp|   0|  0|    15|           8|           1|
    |icmp_ln224_17_fu_8407_p2           |      icmp|   0|  0|    15|           8|           1|
    |icmp_ln224_18_fu_8433_p2           |      icmp|   0|  0|    15|           8|           1|
    |icmp_ln224_19_fu_8459_p2           |      icmp|   0|  0|    15|           8|           1|
    |icmp_ln224_1_fu_7991_p2            |      icmp|   0|  0|    15|           8|           1|
    |icmp_ln224_20_fu_8485_p2           |      icmp|   0|  0|    15|           8|           1|
    |icmp_ln224_21_fu_8511_p2           |      icmp|   0|  0|    15|           8|           1|
    |icmp_ln224_22_fu_8537_p2           |      icmp|   0|  0|    15|           8|           1|
    |icmp_ln224_23_fu_8563_p2           |      icmp|   0|  0|    15|           8|           1|
    |icmp_ln224_24_fu_8589_p2           |      icmp|   0|  0|    15|           8|           1|
    |icmp_ln224_25_fu_8615_p2           |      icmp|   0|  0|    15|           8|           1|
    |icmp_ln224_26_fu_8641_p2           |      icmp|   0|  0|    15|           8|           1|
    |icmp_ln224_27_fu_8667_p2           |      icmp|   0|  0|    15|           8|           1|
    |icmp_ln224_28_fu_8693_p2           |      icmp|   0|  0|    15|           8|           1|
    |icmp_ln224_29_fu_8719_p2           |      icmp|   0|  0|    15|           8|           1|
    |icmp_ln224_2_fu_8017_p2            |      icmp|   0|  0|    15|           8|           1|
    |icmp_ln224_30_fu_8745_p2           |      icmp|   0|  0|    15|           8|           1|
    |icmp_ln224_31_fu_8771_p2           |      icmp|   0|  0|    15|           8|           1|
    |icmp_ln224_32_fu_8797_p2           |      icmp|   0|  0|    15|           8|           1|
    |icmp_ln224_33_fu_8823_p2           |      icmp|   0|  0|    15|           8|           1|
    |icmp_ln224_34_fu_8849_p2           |      icmp|   0|  0|    15|           8|           1|
    |icmp_ln224_35_fu_8875_p2           |      icmp|   0|  0|    15|           8|           1|
    |icmp_ln224_36_fu_8901_p2           |      icmp|   0|  0|    15|           8|           1|
    |icmp_ln224_37_fu_8927_p2           |      icmp|   0|  0|    15|           8|           1|
    |icmp_ln224_38_fu_8953_p2           |      icmp|   0|  0|    15|           8|           1|
    |icmp_ln224_39_fu_8979_p2           |      icmp|   0|  0|    15|           8|           1|
    |icmp_ln224_3_fu_8043_p2            |      icmp|   0|  0|    15|           8|           1|
    |icmp_ln224_40_fu_9005_p2           |      icmp|   0|  0|    15|           8|           1|
    |icmp_ln224_41_fu_9031_p2           |      icmp|   0|  0|    15|           8|           1|
    |icmp_ln224_42_fu_9057_p2           |      icmp|   0|  0|    15|           8|           1|
    |icmp_ln224_43_fu_9083_p2           |      icmp|   0|  0|    15|           8|           1|
    |icmp_ln224_44_fu_9109_p2           |      icmp|   0|  0|    15|           8|           1|
    |icmp_ln224_45_fu_9135_p2           |      icmp|   0|  0|    15|           8|           1|
    |icmp_ln224_46_fu_9161_p2           |      icmp|   0|  0|    15|           8|           1|
    |icmp_ln224_47_fu_9187_p2           |      icmp|   0|  0|    15|           8|           1|
    |icmp_ln224_48_fu_9213_p2           |      icmp|   0|  0|    15|           8|           1|
    |icmp_ln224_49_fu_9239_p2           |      icmp|   0|  0|    15|           8|           1|
    |icmp_ln224_4_fu_8069_p2            |      icmp|   0|  0|    15|           8|           1|
    |icmp_ln224_50_fu_9265_p2           |      icmp|   0|  0|    15|           8|           1|
    |icmp_ln224_51_fu_9291_p2           |      icmp|   0|  0|    15|           8|           1|
    |icmp_ln224_52_fu_9317_p2           |      icmp|   0|  0|    15|           8|           1|
    |icmp_ln224_53_fu_9343_p2           |      icmp|   0|  0|    15|           8|           1|
    |icmp_ln224_54_fu_9369_p2           |      icmp|   0|  0|    15|           8|           1|
    |icmp_ln224_55_fu_9395_p2           |      icmp|   0|  0|    15|           8|           1|
    |icmp_ln224_56_fu_9421_p2           |      icmp|   0|  0|    15|           8|           1|
    |icmp_ln224_57_fu_9447_p2           |      icmp|   0|  0|    15|           8|           1|
    |icmp_ln224_58_fu_9473_p2           |      icmp|   0|  0|    15|           8|           1|
    |icmp_ln224_59_fu_9499_p2           |      icmp|   0|  0|    15|           8|           1|
    |icmp_ln224_5_fu_8095_p2            |      icmp|   0|  0|    15|           8|           1|
    |icmp_ln224_60_fu_9525_p2           |      icmp|   0|  0|    15|           8|           1|
    |icmp_ln224_61_fu_9551_p2           |      icmp|   0|  0|    15|           8|           1|
    |icmp_ln224_62_fu_9577_p2           |      icmp|   0|  0|    15|           8|           1|
    |icmp_ln224_6_fu_8121_p2            |      icmp|   0|  0|    15|           8|           1|
    |icmp_ln224_7_fu_8147_p2            |      icmp|   0|  0|    15|           8|           1|
    |icmp_ln224_8_fu_8173_p2            |      icmp|   0|  0|    15|           8|           1|
    |icmp_ln224_9_fu_8199_p2            |      icmp|   0|  0|    15|           8|           1|
    |icmp_ln224_fu_7965_p2              |      icmp|   0|  0|    15|           8|           1|
    |icmp_ln225_10_fu_8205_p2           |      icmp|   0|  0|    15|           8|           2|
    |icmp_ln225_11_fu_8231_p2           |      icmp|   0|  0|    15|           8|           2|
    |icmp_ln225_12_fu_8257_p2           |      icmp|   0|  0|    15|           8|           2|
    |icmp_ln225_13_fu_8283_p2           |      icmp|   0|  0|    15|           8|           2|
    |icmp_ln225_14_fu_8309_p2           |      icmp|   0|  0|    15|           8|           2|
    |icmp_ln225_15_fu_8335_p2           |      icmp|   0|  0|    15|           8|           2|
    |icmp_ln225_16_fu_8361_p2           |      icmp|   0|  0|    15|           8|           2|
    |icmp_ln225_17_fu_8387_p2           |      icmp|   0|  0|    15|           8|           2|
    |icmp_ln225_18_fu_8413_p2           |      icmp|   0|  0|    15|           8|           2|
    |icmp_ln225_19_fu_8439_p2           |      icmp|   0|  0|    15|           8|           2|
    |icmp_ln225_1_fu_7971_p2            |      icmp|   0|  0|    15|           8|           2|
    |icmp_ln225_20_fu_8465_p2           |      icmp|   0|  0|    15|           8|           2|
    |icmp_ln225_21_fu_8491_p2           |      icmp|   0|  0|    15|           8|           2|
    |icmp_ln225_22_fu_8517_p2           |      icmp|   0|  0|    15|           8|           2|
    |icmp_ln225_23_fu_8543_p2           |      icmp|   0|  0|    15|           8|           2|
    |icmp_ln225_24_fu_8569_p2           |      icmp|   0|  0|    15|           8|           2|
    |icmp_ln225_25_fu_8595_p2           |      icmp|   0|  0|    15|           8|           2|
    |icmp_ln225_26_fu_8621_p2           |      icmp|   0|  0|    15|           8|           2|
    |icmp_ln225_27_fu_8647_p2           |      icmp|   0|  0|    15|           8|           2|
    |icmp_ln225_28_fu_8673_p2           |      icmp|   0|  0|    15|           8|           2|
    |icmp_ln225_29_fu_8699_p2           |      icmp|   0|  0|    15|           8|           2|
    |icmp_ln225_2_fu_7997_p2            |      icmp|   0|  0|    15|           8|           2|
    |icmp_ln225_30_fu_8725_p2           |      icmp|   0|  0|    15|           8|           2|
    |icmp_ln225_31_fu_8751_p2           |      icmp|   0|  0|    15|           8|           2|
    |icmp_ln225_32_fu_8777_p2           |      icmp|   0|  0|    15|           8|           2|
    |icmp_ln225_33_fu_8803_p2           |      icmp|   0|  0|    15|           8|           2|
    |icmp_ln225_34_fu_8829_p2           |      icmp|   0|  0|    15|           8|           2|
    |icmp_ln225_35_fu_8855_p2           |      icmp|   0|  0|    15|           8|           2|
    |icmp_ln225_36_fu_8881_p2           |      icmp|   0|  0|    15|           8|           2|
    |icmp_ln225_37_fu_8907_p2           |      icmp|   0|  0|    15|           8|           2|
    |icmp_ln225_38_fu_8933_p2           |      icmp|   0|  0|    15|           8|           2|
    |icmp_ln225_39_fu_8959_p2           |      icmp|   0|  0|    15|           8|           2|
    |icmp_ln225_3_fu_8023_p2            |      icmp|   0|  0|    15|           8|           2|
    |icmp_ln225_40_fu_8985_p2           |      icmp|   0|  0|    15|           8|           2|
    |icmp_ln225_41_fu_9011_p2           |      icmp|   0|  0|    15|           8|           2|
    |icmp_ln225_42_fu_9037_p2           |      icmp|   0|  0|    15|           8|           2|
    |icmp_ln225_43_fu_9063_p2           |      icmp|   0|  0|    15|           8|           2|
    |icmp_ln225_44_fu_9089_p2           |      icmp|   0|  0|    15|           8|           2|
    |icmp_ln225_45_fu_9115_p2           |      icmp|   0|  0|    15|           8|           2|
    |icmp_ln225_46_fu_9141_p2           |      icmp|   0|  0|    15|           8|           2|
    |icmp_ln225_47_fu_9167_p2           |      icmp|   0|  0|    15|           8|           2|
    |icmp_ln225_48_fu_9193_p2           |      icmp|   0|  0|    15|           8|           2|
    |icmp_ln225_49_fu_9219_p2           |      icmp|   0|  0|    15|           8|           2|
    |icmp_ln225_4_fu_8049_p2            |      icmp|   0|  0|    15|           8|           2|
    |icmp_ln225_50_fu_9245_p2           |      icmp|   0|  0|    15|           8|           2|
    |icmp_ln225_51_fu_9271_p2           |      icmp|   0|  0|    15|           8|           2|
    |icmp_ln225_52_fu_9297_p2           |      icmp|   0|  0|    15|           8|           2|
    |icmp_ln225_53_fu_9323_p2           |      icmp|   0|  0|    15|           8|           2|
    |icmp_ln225_54_fu_9349_p2           |      icmp|   0|  0|    15|           8|           2|
    |icmp_ln225_55_fu_9375_p2           |      icmp|   0|  0|    15|           8|           2|
    |icmp_ln225_56_fu_9401_p2           |      icmp|   0|  0|    15|           8|           2|
    |icmp_ln225_57_fu_9427_p2           |      icmp|   0|  0|    15|           8|           2|
    |icmp_ln225_58_fu_9453_p2           |      icmp|   0|  0|    15|           8|           2|
    |icmp_ln225_59_fu_9479_p2           |      icmp|   0|  0|    15|           8|           2|
    |icmp_ln225_5_fu_8075_p2            |      icmp|   0|  0|    15|           8|           2|
    |icmp_ln225_60_fu_9505_p2           |      icmp|   0|  0|    15|           8|           2|
    |icmp_ln225_61_fu_9531_p2           |      icmp|   0|  0|    15|           8|           2|
    |icmp_ln225_62_fu_9557_p2           |      icmp|   0|  0|    15|           8|           2|
    |icmp_ln225_63_fu_9583_p2           |      icmp|   0|  0|    15|           8|           2|
    |icmp_ln225_6_fu_8101_p2            |      icmp|   0|  0|    15|           8|           2|
    |icmp_ln225_7_fu_8127_p2            |      icmp|   0|  0|    15|           8|           2|
    |icmp_ln225_8_fu_8153_p2            |      icmp|   0|  0|    15|           8|           2|
    |icmp_ln225_9_fu_8179_p2            |      icmp|   0|  0|    15|           8|           2|
    |icmp_ln225_fu_7927_p2              |      icmp|   0|  0|    15|           8|           2|
    |lshr_ln147_1_fu_4068_p2            |      lshr|   0|  0|  2171|         512|         512|
    |lshr_ln147_fu_4048_p2              |      lshr|   0|  0|  2171|         512|         512|
    |lshr_ln152_fu_4132_p2              |      lshr|   0|  0|  2171|         512|         512|
    |lshr_ln205_fu_15006_p2             |      lshr|   0|  0|  2171|         512|         512|
    |lshr_ln217_fu_7891_p2              |      lshr|   0|  0|  2171|         512|         512|
    |lshr_ln235_fu_4258_p2              |      lshr|   0|  0|  2171|         512|         512|
    |ap_block_state1                    |        or|   0|  0|     2|           1|           1|
    |ap_block_state2_on_subcall_done    |        or|   0|  0|     2|           1|           1|
    |ap_block_state486_on_subcall_done  |        or|   0|  0|     2|           1|           1|
    |flip_x_1_fu_7921_p2                |        or|   0|  0|     2|           1|           1|
    |or_ln186_1_fu_15088_p2             |        or|   0|  0|     2|           1|           1|
    |or_ln186_fu_15058_p2               |        or|   0|  0|     2|           1|           1|
    |or_ln225_fu_7933_p2                |        or|   0|  0|     2|           1|           1|
    |effect_fu_15094_p3                 |    select|   0|  0|    63|           1|          64|
    |flip_x_101_fu_11298_p3             |    select|   0|  0|    63|           1|          64|
    |flip_x_102_fu_11305_p3             |    select|   0|  0|    63|           1|          64|
    |flip_x_104_fu_11321_p3             |    select|   0|  0|    63|           1|          64|
    |flip_x_106_fu_11353_p3             |    select|   0|  0|    63|           1|          64|
    |flip_x_107_fu_11388_p3             |    select|   0|  0|    63|           1|          64|
    |flip_x_109_fu_11405_p3             |    select|   0|  0|    63|           1|          64|
    |flip_x_111_fu_11439_p3             |    select|   0|  0|    63|           1|          64|
    |flip_x_112_fu_11475_p3             |    select|   0|  0|    63|           1|          64|
    |flip_x_114_fu_11537_p3             |    select|   0|  0|    63|           1|          64|
    |flip_x_116_fu_11553_p3             |    select|   0|  0|    63|           1|          64|
    |flip_x_117_fu_11560_p3             |    select|   0|  0|    63|           1|          64|
    |flip_x_119_fu_11576_p3             |    select|   0|  0|    63|           1|          64|
    |flip_x_11_fu_9735_p3               |    select|   0|  0|    63|           1|          64|
    |flip_x_121_fu_11608_p3             |    select|   0|  0|    63|           1|          64|
    |flip_x_122_fu_11643_p3             |    select|   0|  0|    63|           1|          64|
    |flip_x_124_fu_11660_p3             |    select|   0|  0|    63|           1|          64|
    |flip_x_126_fu_11694_p3             |    select|   0|  0|    63|           1|          64|
    |flip_x_127_fu_11730_p3             |    select|   0|  0|    63|           1|          64|
    |flip_x_129_fu_11792_p3             |    select|   0|  0|    63|           1|          64|
    |flip_x_12_fu_9771_p3               |    select|   0|  0|    63|           1|          64|
    |flip_x_131_fu_11808_p3             |    select|   0|  0|    63|           1|          64|
    |flip_x_132_fu_11815_p3             |    select|   0|  0|    63|           1|          64|
    |flip_x_134_fu_11831_p3             |    select|   0|  0|    63|           1|          64|
    |flip_x_136_fu_11863_p3             |    select|   0|  0|    63|           1|          64|
    |flip_x_137_fu_11898_p3             |    select|   0|  0|    63|           1|          64|
    |flip_x_139_fu_11915_p3             |    select|   0|  0|    63|           1|          64|
    |flip_x_141_fu_11949_p3             |    select|   0|  0|    63|           1|          64|
    |flip_x_142_fu_11985_p3             |    select|   0|  0|    63|           1|          64|
    |flip_x_144_fu_12047_p3             |    select|   0|  0|    63|           1|          64|
    |flip_x_146_fu_12063_p3             |    select|   0|  0|    63|           1|          64|
    |flip_x_147_fu_12070_p3             |    select|   0|  0|    63|           1|          64|
    |flip_x_149_fu_12086_p3             |    select|   0|  0|    63|           1|          64|
    |flip_x_14_fu_9788_p3               |    select|   0|  0|    63|           1|          64|
    |flip_x_151_fu_12118_p3             |    select|   0|  0|    63|           1|          64|
    |flip_x_152_fu_12153_p3             |    select|   0|  0|    63|           1|          64|
    |flip_x_154_fu_12170_p3             |    select|   0|  0|    63|           1|          64|
    |flip_x_156_fu_12204_p3             |    select|   0|  0|    63|           1|          64|
    |flip_x_157_fu_12240_p3             |    select|   0|  0|    63|           1|          64|
    |flip_x_159_fu_12302_p3             |    select|   0|  0|    63|           1|          64|
    |flip_x_161_fu_12318_p3             |    select|   0|  0|    63|           1|          64|
    |flip_x_162_fu_12325_p3             |    select|   0|  0|    63|           1|          64|
    |flip_x_164_fu_12341_p3             |    select|   0|  0|    63|           1|          64|
    |flip_x_166_fu_12373_p3             |    select|   0|  0|    63|           1|          64|
    |flip_x_167_fu_12408_p3             |    select|   0|  0|    63|           1|          64|
    |flip_x_169_fu_12425_p3             |    select|   0|  0|    63|           1|          64|
    |flip_x_16_fu_9822_p3               |    select|   0|  0|    63|           1|          64|
    |flip_x_171_fu_12459_p3             |    select|   0|  0|    63|           1|          64|
    |flip_x_172_fu_12495_p3             |    select|   0|  0|    63|           1|          64|
    |flip_x_174_fu_12557_p3             |    select|   0|  0|    63|           1|          64|
    |flip_x_176_fu_12573_p3             |    select|   0|  0|    63|           1|          64|
    |flip_x_177_fu_12580_p3             |    select|   0|  0|    63|           1|          64|
    |flip_x_179_fu_12596_p3             |    select|   0|  0|    63|           1|          64|
    |flip_x_17_fu_9858_p3               |    select|   0|  0|    63|           1|          64|
    |flip_x_181_fu_12628_p3             |    select|   0|  0|    63|           1|          64|
    |flip_x_182_fu_12663_p3             |    select|   0|  0|    63|           1|          64|
    |flip_x_184_fu_12680_p3             |    select|   0|  0|    63|           1|          64|
    |flip_x_186_fu_12714_p3             |    select|   0|  0|    63|           1|          64|
    |flip_x_187_fu_12750_p3             |    select|   0|  0|    63|           1|          64|
    |flip_x_189_fu_12812_p3             |    select|   0|  0|    63|           1|          64|
    |flip_x_191_fu_12828_p3             |    select|   0|  0|    63|           1|          64|
    |flip_x_192_fu_12835_p3             |    select|   0|  0|    63|           1|          64|
    |flip_x_194_fu_12851_p3             |    select|   0|  0|    63|           1|          64|
    |flip_x_196_fu_12883_p3             |    select|   0|  0|    63|           1|          64|
    |flip_x_197_fu_12918_p3             |    select|   0|  0|    63|           1|          64|
    |flip_x_199_fu_12935_p3             |    select|   0|  0|    63|           1|          64|
    |flip_x_19_fu_9875_p3               |    select|   0|  0|    63|           1|          64|
    |flip_x_201_fu_12969_p3             |    select|   0|  0|    63|           1|          64|
    |flip_x_202_fu_13005_p3             |    select|   0|  0|    63|           1|          64|
    |flip_x_204_fu_13067_p3             |    select|   0|  0|    63|           1|          64|
    |flip_x_206_fu_13083_p3             |    select|   0|  0|    63|           1|          64|
    |flip_x_207_fu_13090_p3             |    select|   0|  0|    63|           1|          64|
    |flip_x_209_fu_13106_p3             |    select|   0|  0|    63|           1|          64|
    |flip_x_211_fu_13138_p3             |    select|   0|  0|    63|           1|          64|
    |flip_x_212_fu_13173_p3             |    select|   0|  0|    63|           1|          64|
    |flip_x_214_fu_13190_p3             |    select|   0|  0|    63|           1|          64|
    |flip_x_216_fu_13224_p3             |    select|   0|  0|    63|           1|          64|
    |flip_x_217_fu_13260_p3             |    select|   0|  0|    63|           1|          64|
    |flip_x_219_fu_13322_p3             |    select|   0|  0|    63|           1|          64|
    |flip_x_21_fu_9908_p3               |    select|   0|  0|    63|           1|          64|
    |flip_x_221_fu_13338_p3             |    select|   0|  0|    63|           1|          64|
    |flip_x_222_fu_13345_p3             |    select|   0|  0|    63|           1|          64|
    |flip_x_224_fu_13361_p3             |    select|   0|  0|    63|           1|          64|
    |flip_x_226_fu_13393_p3             |    select|   0|  0|    63|           1|          64|
    |flip_x_227_fu_13428_p3             |    select|   0|  0|    63|           1|          64|
    |flip_x_229_fu_13445_p3             |    select|   0|  0|    63|           1|          64|
    |flip_x_22_fu_9940_p3               |    select|   0|  0|    63|           1|          64|
    |flip_x_231_fu_13479_p3             |    select|   0|  0|    63|           1|          64|
    |flip_x_232_fu_13515_p3             |    select|   0|  0|    63|           1|          64|
    |flip_x_234_fu_13577_p3             |    select|   0|  0|    63|           1|          64|
    |flip_x_236_fu_13593_p3             |    select|   0|  0|    63|           1|          64|
    |flip_x_237_fu_13600_p3             |    select|   0|  0|    63|           1|          64|
    |flip_x_239_fu_13616_p3             |    select|   0|  0|    63|           1|          64|
    |flip_x_241_fu_13648_p3             |    select|   0|  0|    63|           1|          64|
    |flip_x_242_fu_13683_p3             |    select|   0|  0|    63|           1|          64|
    |flip_x_244_fu_13700_p3             |    select|   0|  0|    63|           1|          64|
    |flip_x_246_fu_13734_p3             |    select|   0|  0|    63|           1|          64|
    |flip_x_247_fu_13770_p3             |    select|   0|  0|    63|           1|          64|
    |flip_x_249_fu_13832_p3             |    select|   0|  0|    63|           1|          64|
    |flip_x_24_fu_9956_p3               |    select|   0|  0|    63|           1|          64|
    |flip_x_251_fu_13848_p3             |    select|   0|  0|    63|           1|          64|
    |flip_x_252_fu_13855_p3             |    select|   0|  0|    63|           1|          64|
    |flip_x_254_fu_13871_p3             |    select|   0|  0|    63|           1|          64|
    |flip_x_256_fu_13903_p3             |    select|   0|  0|    63|           1|          64|
    |flip_x_257_fu_13938_p3             |    select|   0|  0|    63|           1|          64|
    |flip_x_259_fu_13955_p3             |    select|   0|  0|    63|           1|          64|
    |flip_x_261_fu_13989_p3             |    select|   0|  0|    63|           1|          64|
    |flip_x_262_fu_14025_p3             |    select|   0|  0|    63|           1|          64|
    |flip_x_264_fu_14087_p3             |    select|   0|  0|    63|           1|          64|
    |flip_x_266_fu_14103_p3             |    select|   0|  0|    63|           1|          64|
    |flip_x_267_fu_14110_p3             |    select|   0|  0|    63|           1|          64|
    |flip_x_269_fu_14126_p3             |    select|   0|  0|    63|           1|          64|
    |flip_x_26_fu_9990_p3               |    select|   0|  0|    63|           1|          64|
    |flip_x_271_fu_14158_p3             |    select|   0|  0|    63|           1|          64|
    |flip_x_272_fu_14193_p3             |    select|   0|  0|    63|           1|          64|
    |flip_x_274_fu_14210_p3             |    select|   0|  0|    63|           1|          64|
    |flip_x_276_fu_14244_p3             |    select|   0|  0|    63|           1|          64|
    |flip_x_277_fu_14280_p3             |    select|   0|  0|    63|           1|          64|
    |flip_x_279_fu_14342_p3             |    select|   0|  0|    63|           1|          64|
    |flip_x_27_fu_10026_p3              |    select|   0|  0|    63|           1|          64|
    |flip_x_281_fu_14358_p3             |    select|   0|  0|    63|           1|          64|
    |flip_x_282_fu_14365_p3             |    select|   0|  0|    63|           1|          64|
    |flip_x_284_fu_14381_p3             |    select|   0|  0|    63|           1|          64|
    |flip_x_286_fu_14413_p3             |    select|   0|  0|    63|           1|          64|
    |flip_x_287_fu_14448_p3             |    select|   0|  0|    63|           1|          64|
    |flip_x_289_fu_14465_p3             |    select|   0|  0|    63|           1|          64|
    |flip_x_291_fu_14499_p3             |    select|   0|  0|    63|           1|          64|
    |flip_x_292_fu_14535_p3             |    select|   0|  0|    63|           1|          64|
    |flip_x_294_fu_14597_p3             |    select|   0|  0|    63|           1|          64|
    |flip_x_296_fu_14613_p3             |    select|   0|  0|    63|           1|          64|
    |flip_x_297_fu_14620_p3             |    select|   0|  0|    63|           1|          64|
    |flip_x_299_fu_14636_p3             |    select|   0|  0|    63|           1|          64|
    |flip_x_29_fu_10043_p3              |    select|   0|  0|    63|           1|          64|
    |flip_x_301_fu_14668_p3             |    select|   0|  0|    63|           1|          64|
    |flip_x_302_fu_14703_p3             |    select|   0|  0|    63|           1|          64|
    |flip_x_304_fu_14720_p3             |    select|   0|  0|    63|           1|          64|
    |flip_x_306_fu_14754_p3             |    select|   0|  0|    63|           1|          64|
    |flip_x_307_fu_14790_p3             |    select|   0|  0|    63|           1|          64|
    |flip_x_309_fu_14857_p3             |    select|   0|  0|    63|           1|          64|
    |flip_x_311_fu_14873_p3             |    select|   0|  0|    63|           1|          64|
    |flip_x_312_fu_14880_p3             |    select|   0|  0|    63|           1|          64|
    |flip_x_314_fu_14896_p3             |    select|   0|  0|    63|           1|          64|
    |flip_x_316_fu_14928_p3             |    select|   0|  0|    63|           1|          64|
    |flip_x_317_fu_14963_p3             |    select|   0|  0|    63|           1|          64|
    |flip_x_31_fu_10077_p3              |    select|   0|  0|    63|           1|          64|
    |flip_x_32_fu_10113_p3              |    select|   0|  0|    63|           1|          64|
    |flip_x_34_fu_10130_p3              |    select|   0|  0|    63|           1|          64|
    |flip_x_36_fu_10164_p3              |    select|   0|  0|    63|           1|          64|
    |flip_x_37_fu_10200_p3              |    select|   0|  0|    63|           1|          64|
    |flip_x_39_fu_10216_p3              |    select|   0|  0|    63|           1|          64|
    |flip_x_41_fu_10247_p3              |    select|   0|  0|    63|           1|          64|
    |flip_x_42_fu_10282_p3              |    select|   0|  0|    63|           1|          64|
    |flip_x_44_fu_10298_p3              |    select|   0|  0|    63|           1|          64|
    |flip_x_46_fu_10332_p3              |    select|   0|  0|    63|           1|          64|
    |flip_x_47_fu_10368_p3              |    select|   0|  0|    63|           1|          64|
    |flip_x_49_fu_10385_p3              |    select|   0|  0|    63|           1|          64|
    |flip_x_4_fu_9605_p3                |    select|   0|  0|     2|           1|           2|
    |flip_x_51_fu_10419_p3              |    select|   0|  0|    63|           1|          64|
    |flip_x_52_fu_10455_p3              |    select|   0|  0|    63|           1|          64|
    |flip_x_54_fu_10488_p3              |    select|   0|  0|    63|           1|          64|
    |flip_x_56_fu_10504_p3              |    select|   0|  0|    63|           1|          64|
    |flip_x_57_fu_10537_p3              |    select|   0|  0|    63|           1|          64|
    |flip_x_59_fu_10553_p3              |    select|   0|  0|    63|           1|          64|
    |flip_x_61_fu_10587_p3              |    select|   0|  0|    63|           1|          64|
    |flip_x_62_fu_10623_p3              |    select|   0|  0|    63|           1|          64|
    |flip_x_64_fu_10640_p3              |    select|   0|  0|    63|           1|          64|
    |flip_x_66_fu_10674_p3              |    select|   0|  0|    63|           1|          64|
    |flip_x_67_fu_10710_p3              |    select|   0|  0|    63|           1|          64|
    |flip_x_69_fu_10772_p3              |    select|   0|  0|    63|           1|          64|
    |flip_x_6_fu_9644_p3                |    select|   0|  0|    63|           1|          64|
    |flip_x_71_fu_10788_p3              |    select|   0|  0|    63|           1|          64|
    |flip_x_72_fu_10795_p3              |    select|   0|  0|    63|           1|          64|
    |flip_x_74_fu_10811_p3              |    select|   0|  0|    63|           1|          64|
    |flip_x_76_fu_10843_p3              |    select|   0|  0|    63|           1|          64|
    |flip_x_77_fu_10878_p3              |    select|   0|  0|    63|           1|          64|
    |flip_x_79_fu_10895_p3              |    select|   0|  0|    63|           1|          64|
    |flip_x_7_fu_9684_p3                |    select|   0|  0|    63|           1|          64|
    |flip_x_81_fu_10929_p3              |    select|   0|  0|    63|           1|          64|
    |flip_x_82_fu_10965_p3              |    select|   0|  0|    63|           1|          64|
    |flip_x_84_fu_11027_p3              |    select|   0|  0|    63|           1|          64|
    |flip_x_86_fu_11043_p3              |    select|   0|  0|    63|           1|          64|
    |flip_x_87_fu_11050_p3              |    select|   0|  0|    63|           1|          64|
    |flip_x_89_fu_11066_p3              |    select|   0|  0|    63|           1|          64|
    |flip_x_91_fu_11098_p3              |    select|   0|  0|    63|           1|          64|
    |flip_x_92_fu_11133_p3              |    select|   0|  0|    63|           1|          64|
    |flip_x_94_fu_11150_p3              |    select|   0|  0|    63|           1|          64|
    |flip_x_96_fu_11184_p3              |    select|   0|  0|    63|           1|          64|
    |flip_x_97_fu_11220_p3              |    select|   0|  0|    63|           1|          64|
    |flip_x_99_fu_11282_p3              |    select|   0|  0|    63|           1|          64|
    |flip_x_9_fu_9701_p3                |    select|   0|  0|    63|           1|          64|
    |flip_z_100_fu_11254_p3             |    select|   0|  0|    63|           1|          64|
    |flip_z_101_fu_11265_p3             |    select|   0|  0|    63|           1|          64|
    |flip_z_103_fu_11347_p3             |    select|   0|  0|    63|           1|          64|
    |flip_z_105_fu_11370_p3             |    select|   0|  0|    63|           1|          64|
    |flip_z_106_fu_11380_p3             |    select|   0|  0|    63|           1|          64|
    |flip_z_108_fu_11432_p3             |    select|   0|  0|    63|           1|          64|
    |flip_z_10_fu_9752_p3               |    select|   0|  0|    63|           1|          64|
    |flip_z_110_fu_11456_p3             |    select|   0|  0|    63|           1|          64|
    |flip_z_111_fu_11467_p3             |    select|   0|  0|    63|           1|          64|
    |flip_z_113_fu_11492_p3             |    select|   0|  0|    63|           1|          64|
    |flip_z_115_fu_11509_p3             |    select|   0|  0|    63|           1|          64|
    |flip_z_116_fu_11520_p3             |    select|   0|  0|    63|           1|          64|
    |flip_z_118_fu_11602_p3             |    select|   0|  0|    63|           1|          64|
    |flip_z_11_fu_9763_p3               |    select|   0|  0|    63|           1|          64|
    |flip_z_120_fu_11625_p3             |    select|   0|  0|    63|           1|          64|
    |flip_z_121_fu_11635_p3             |    select|   0|  0|    63|           1|          64|
    |flip_z_123_fu_11687_p3             |    select|   0|  0|    63|           1|          64|
    |flip_z_125_fu_11711_p3             |    select|   0|  0|    63|           1|          64|
    |flip_z_126_fu_11722_p3             |    select|   0|  0|    63|           1|          64|
    |flip_z_128_fu_11747_p3             |    select|   0|  0|    63|           1|          64|
    |flip_z_130_fu_11764_p3             |    select|   0|  0|    63|           1|          64|
    |flip_z_131_fu_11775_p3             |    select|   0|  0|    63|           1|          64|
    |flip_z_133_fu_11857_p3             |    select|   0|  0|    63|           1|          64|
    |flip_z_135_fu_11880_p3             |    select|   0|  0|    63|           1|          64|
    |flip_z_136_fu_11890_p3             |    select|   0|  0|    63|           1|          64|
    |flip_z_138_fu_11942_p3             |    select|   0|  0|    63|           1|          64|
    |flip_z_13_fu_9815_p3               |    select|   0|  0|    63|           1|          64|
    |flip_z_140_fu_11966_p3             |    select|   0|  0|    63|           1|          64|
    |flip_z_141_fu_11977_p3             |    select|   0|  0|    63|           1|          64|
    |flip_z_143_fu_12002_p3             |    select|   0|  0|    63|           1|          64|
    |flip_z_145_fu_12019_p3             |    select|   0|  0|    63|           1|          64|
    |flip_z_146_fu_12030_p3             |    select|   0|  0|    63|           1|          64|
    |flip_z_148_fu_12112_p3             |    select|   0|  0|    63|           1|          64|
    |flip_z_150_fu_12135_p3             |    select|   0|  0|    63|           1|          64|
    |flip_z_151_fu_12145_p3             |    select|   0|  0|    63|           1|          64|
    |flip_z_153_fu_12197_p3             |    select|   0|  0|    63|           1|          64|
    |flip_z_155_fu_12221_p3             |    select|   0|  0|    63|           1|          64|
    |flip_z_156_fu_12232_p3             |    select|   0|  0|    63|           1|          64|
    |flip_z_158_fu_12257_p3             |    select|   0|  0|    63|           1|          64|
    |flip_z_15_fu_9839_p3               |    select|   0|  0|    63|           1|          64|
    |flip_z_160_fu_12274_p3             |    select|   0|  0|    63|           1|          64|
    |flip_z_161_fu_12285_p3             |    select|   0|  0|    63|           1|          64|
    |flip_z_163_fu_12367_p3             |    select|   0|  0|    63|           1|          64|
    |flip_z_165_fu_12390_p3             |    select|   0|  0|    63|           1|          64|
    |flip_z_166_fu_12400_p3             |    select|   0|  0|    63|           1|          64|
    |flip_z_168_fu_12452_p3             |    select|   0|  0|    63|           1|          64|
    |flip_z_16_fu_9850_p3               |    select|   0|  0|    63|           1|          64|
    |flip_z_170_fu_12476_p3             |    select|   0|  0|    63|           1|          64|
    |flip_z_171_fu_12487_p3             |    select|   0|  0|    63|           1|          64|
    |flip_z_173_fu_12512_p3             |    select|   0|  0|    63|           1|          64|
    |flip_z_175_fu_12529_p3             |    select|   0|  0|    63|           1|          64|
    |flip_z_176_fu_12540_p3             |    select|   0|  0|    63|           1|          64|
    |flip_z_178_fu_12622_p3             |    select|   0|  0|    63|           1|          64|
    |flip_z_180_fu_12645_p3             |    select|   0|  0|    63|           1|          64|
    |flip_z_181_fu_12655_p3             |    select|   0|  0|    63|           1|          64|
    |flip_z_183_fu_12707_p3             |    select|   0|  0|    63|           1|          64|
    |flip_z_185_fu_12731_p3             |    select|   0|  0|    63|           1|          64|
    |flip_z_186_fu_12742_p3             |    select|   0|  0|    63|           1|          64|
    |flip_z_188_fu_12767_p3             |    select|   0|  0|    63|           1|          64|
    |flip_z_18_fu_9892_p3               |    select|   0|  0|    63|           1|          64|
    |flip_z_190_fu_12784_p3             |    select|   0|  0|    63|           1|          64|
    |flip_z_191_fu_12795_p3             |    select|   0|  0|    63|           1|          64|
    |flip_z_193_fu_12877_p3             |    select|   0|  0|    63|           1|          64|
    |flip_z_195_fu_12900_p3             |    select|   0|  0|    63|           1|          64|
    |flip_z_196_fu_12910_p3             |    select|   0|  0|    63|           1|          64|
    |flip_z_198_fu_12962_p3             |    select|   0|  0|    63|           1|          64|
    |flip_z_200_fu_12986_p3             |    select|   0|  0|    63|           1|          64|
    |flip_z_201_fu_12997_p3             |    select|   0|  0|    63|           1|          64|
    |flip_z_203_fu_13022_p3             |    select|   0|  0|    63|           1|          64|
    |flip_z_205_fu_13039_p3             |    select|   0|  0|    63|           1|          64|
    |flip_z_206_fu_13050_p3             |    select|   0|  0|    63|           1|          64|
    |flip_z_208_fu_13132_p3             |    select|   0|  0|    63|           1|          64|
    |flip_z_20_fu_9923_p3               |    select|   0|  0|    63|           1|          64|
    |flip_z_210_fu_13155_p3             |    select|   0|  0|    63|           1|          64|
    |flip_z_211_fu_13165_p3             |    select|   0|  0|    63|           1|          64|
    |flip_z_213_fu_13217_p3             |    select|   0|  0|    63|           1|          64|
    |flip_z_215_fu_13241_p3             |    select|   0|  0|    63|           1|          64|
    |flip_z_216_fu_13252_p3             |    select|   0|  0|    63|           1|          64|
    |flip_z_218_fu_13277_p3             |    select|   0|  0|    63|           1|          64|
    |flip_z_21_fu_9932_p3               |    select|   0|  0|    63|           1|          64|
    |flip_z_220_fu_13294_p3             |    select|   0|  0|    63|           1|          64|
    |flip_z_221_fu_13305_p3             |    select|   0|  0|    63|           1|          64|
    |flip_z_223_fu_13387_p3             |    select|   0|  0|    63|           1|          64|
    |flip_z_225_fu_13410_p3             |    select|   0|  0|    63|           1|          64|
    |flip_z_226_fu_13420_p3             |    select|   0|  0|    63|           1|          64|
    |flip_z_228_fu_13472_p3             |    select|   0|  0|    63|           1|          64|
    |flip_z_230_fu_13496_p3             |    select|   0|  0|    63|           1|          64|
    |flip_z_231_fu_13507_p3             |    select|   0|  0|    63|           1|          64|
    |flip_z_233_fu_13532_p3             |    select|   0|  0|    63|           1|          64|
    |flip_z_235_fu_13549_p3             |    select|   0|  0|    63|           1|          64|
    |flip_z_236_fu_13560_p3             |    select|   0|  0|    63|           1|          64|
    |flip_z_238_fu_13642_p3             |    select|   0|  0|    63|           1|          64|
    |flip_z_23_fu_9983_p3               |    select|   0|  0|    63|           1|          64|
    |flip_z_240_fu_13665_p3             |    select|   0|  0|    63|           1|          64|
    |flip_z_241_fu_13675_p3             |    select|   0|  0|    63|           1|          64|
    |flip_z_243_fu_13727_p3             |    select|   0|  0|    63|           1|          64|
    |flip_z_245_fu_13751_p3             |    select|   0|  0|    63|           1|          64|
    |flip_z_246_fu_13762_p3             |    select|   0|  0|    63|           1|          64|
    |flip_z_248_fu_13787_p3             |    select|   0|  0|    63|           1|          64|
    |flip_z_250_fu_13804_p3             |    select|   0|  0|    63|           1|          64|
    |flip_z_251_fu_13815_p3             |    select|   0|  0|    63|           1|          64|
    |flip_z_253_fu_13897_p3             |    select|   0|  0|    63|           1|          64|
    |flip_z_255_fu_13920_p3             |    select|   0|  0|    63|           1|          64|
    |flip_z_256_fu_13930_p3             |    select|   0|  0|    63|           1|          64|
    |flip_z_258_fu_13982_p3             |    select|   0|  0|    63|           1|          64|
    |flip_z_25_fu_10007_p3              |    select|   0|  0|    63|           1|          64|
    |flip_z_260_fu_14006_p3             |    select|   0|  0|    63|           1|          64|
    |flip_z_261_fu_14017_p3             |    select|   0|  0|    63|           1|          64|
    |flip_z_263_fu_14042_p3             |    select|   0|  0|    63|           1|          64|
    |flip_z_265_fu_14059_p3             |    select|   0|  0|    63|           1|          64|
    |flip_z_266_fu_14070_p3             |    select|   0|  0|    63|           1|          64|
    |flip_z_268_fu_14152_p3             |    select|   0|  0|    63|           1|          64|
    |flip_z_26_fu_10018_p3              |    select|   0|  0|    63|           1|          64|
    |flip_z_270_fu_14175_p3             |    select|   0|  0|    63|           1|          64|
    |flip_z_271_fu_14185_p3             |    select|   0|  0|    63|           1|          64|
    |flip_z_273_fu_14237_p3             |    select|   0|  0|    63|           1|          64|
    |flip_z_275_fu_14261_p3             |    select|   0|  0|    63|           1|          64|
    |flip_z_276_fu_14272_p3             |    select|   0|  0|    63|           1|          64|
    |flip_z_278_fu_14297_p3             |    select|   0|  0|    63|           1|          64|
    |flip_z_280_fu_14314_p3             |    select|   0|  0|    63|           1|          64|
    |flip_z_281_fu_14325_p3             |    select|   0|  0|    63|           1|          64|
    |flip_z_283_fu_14407_p3             |    select|   0|  0|    63|           1|          64|
    |flip_z_285_fu_14430_p3             |    select|   0|  0|    63|           1|          64|
    |flip_z_286_fu_14440_p3             |    select|   0|  0|    63|           1|          64|
    |flip_z_288_fu_14492_p3             |    select|   0|  0|    63|           1|          64|
    |flip_z_28_fu_10070_p3              |    select|   0|  0|    63|           1|          64|
    |flip_z_290_fu_14516_p3             |    select|   0|  0|    63|           1|          64|
    |flip_z_291_fu_14527_p3             |    select|   0|  0|    63|           1|          64|
    |flip_z_293_fu_14552_p3             |    select|   0|  0|    63|           1|          64|
    |flip_z_295_fu_14569_p3             |    select|   0|  0|    63|           1|          64|
    |flip_z_296_fu_14580_p3             |    select|   0|  0|    63|           1|          64|
    |flip_z_298_fu_14662_p3             |    select|   0|  0|    63|           1|          64|
    |flip_z_300_fu_14685_p3             |    select|   0|  0|    63|           1|          64|
    |flip_z_301_fu_14695_p3             |    select|   0|  0|    63|           1|          64|
    |flip_z_303_fu_14747_p3             |    select|   0|  0|    63|           1|          64|
    |flip_z_305_fu_14771_p3             |    select|   0|  0|    63|           1|          64|
    |flip_z_306_fu_14782_p3             |    select|   0|  0|    63|           1|          64|
    |flip_z_308_fu_14807_p3             |    select|   0|  0|    63|           1|          64|
    |flip_z_30_fu_10094_p3              |    select|   0|  0|    63|           1|          64|
    |flip_z_310_fu_14824_p3             |    select|   0|  0|    63|           1|          64|
    |flip_z_311_fu_14835_p3             |    select|   0|  0|    63|           1|          64|
    |flip_z_313_fu_14922_p3             |    select|   0|  0|    63|           1|          64|
    |flip_z_315_fu_14949_p3             |    select|   0|  0|    63|           1|          64|
    |flip_z_316_fu_14957_p3             |    select|   0|  0|    63|           1|          64|
    |flip_z_31_fu_10105_p3              |    select|   0|  0|    63|           1|          64|
    |flip_z_33_fu_10157_p3              |    select|   0|  0|    63|           1|          64|
    |flip_z_35_fu_10181_p3              |    select|   0|  0|    63|           1|          64|
    |flip_z_36_fu_10192_p3              |    select|   0|  0|    63|           1|          64|
    |flip_z_38_fu_10241_p3              |    select|   0|  0|    63|           1|          64|
    |flip_z_3_fu_9633_p3                |    select|   0|  0|     2|           1|           2|
    |flip_z_40_fu_10264_p3              |    select|   0|  0|    63|           1|          64|
    |flip_z_41_fu_10274_p3              |    select|   0|  0|    63|           1|          64|
    |flip_z_43_fu_10325_p3              |    select|   0|  0|    63|           1|          64|
    |flip_z_45_fu_10349_p3              |    select|   0|  0|    63|           1|          64|
    |flip_z_46_fu_10360_p3              |    select|   0|  0|    63|           1|          64|
    |flip_z_48_fu_10412_p3              |    select|   0|  0|    63|           1|          64|
    |flip_z_50_fu_10436_p3              |    select|   0|  0|    63|           1|          64|
    |flip_z_51_fu_10447_p3              |    select|   0|  0|    63|           1|          64|
    |flip_z_53_fu_10472_p3              |    select|   0|  0|    63|           1|          64|
    |flip_z_55_fu_10520_p3              |    select|   0|  0|    63|           1|          64|
    |flip_z_56_fu_10529_p3              |    select|   0|  0|    63|           1|          64|
    |flip_z_58_fu_10580_p3              |    select|   0|  0|    63|           1|          64|
    |flip_z_5_fu_9661_p3                |    select|   0|  0|     2|           1|           2|
    |flip_z_60_fu_10604_p3              |    select|   0|  0|    63|           1|          64|
    |flip_z_61_fu_10615_p3              |    select|   0|  0|    63|           1|          64|
    |flip_z_63_fu_10667_p3              |    select|   0|  0|    63|           1|          64|
    |flip_z_65_fu_10691_p3              |    select|   0|  0|    63|           1|          64|
    |flip_z_66_fu_10702_p3              |    select|   0|  0|    63|           1|          64|
    |flip_z_68_fu_10727_p3              |    select|   0|  0|    63|           1|          64|
    |flip_z_6_fu_9676_p3                |    select|   0|  0|    63|           1|          64|
    |flip_z_70_fu_10744_p3              |    select|   0|  0|    63|           1|          64|
    |flip_z_71_fu_10755_p3              |    select|   0|  0|    63|           1|          64|
    |flip_z_73_fu_10837_p3              |    select|   0|  0|    63|           1|          64|
    |flip_z_75_fu_10860_p3              |    select|   0|  0|    63|           1|          64|
    |flip_z_76_fu_10870_p3              |    select|   0|  0|    63|           1|          64|
    |flip_z_78_fu_10922_p3              |    select|   0|  0|    63|           1|          64|
    |flip_z_80_fu_10946_p3              |    select|   0|  0|    63|           1|          64|
    |flip_z_81_fu_10957_p3              |    select|   0|  0|    63|           1|          64|
    |flip_z_83_fu_10982_p3              |    select|   0|  0|    63|           1|          64|
    |flip_z_85_fu_10999_p3              |    select|   0|  0|    63|           1|          64|
    |flip_z_86_fu_11010_p3              |    select|   0|  0|    63|           1|          64|
    |flip_z_88_fu_11092_p3              |    select|   0|  0|    63|           1|          64|
    |flip_z_8_fu_9728_p3                |    select|   0|  0|    63|           1|          64|
    |flip_z_90_fu_11115_p3              |    select|   0|  0|    63|           1|          64|
    |flip_z_91_fu_11125_p3              |    select|   0|  0|    63|           1|          64|
    |flip_z_93_fu_11177_p3              |    select|   0|  0|    63|           1|          64|
    |flip_z_95_fu_11201_p3              |    select|   0|  0|    63|           1|          64|
    |flip_z_96_fu_11212_p3              |    select|   0|  0|    63|           1|          64|
    |flip_z_98_fu_11237_p3              |    select|   0|  0|    63|           1|          64|
    |select_ln186_fu_15064_p3           |    select|   0|  0|    63|           1|           1|
    |grp_fu_3910_p2                     |       xor|   0|  0|    64|          64|          64|
    |xor_ln186_fu_15072_p2              |       xor|   0|  0|    64|          64|          64|
    |xor_ln207_fu_15034_p2              |       xor|   0|  0|    64|          64|          64|
    |xor_ln210_fu_15041_p2              |       xor|   0|  0|    64|          64|          64|
    |xor_ln228_fu_14970_p2              |       xor|   0|  0|    64|          64|          64|
    |xor_ln229_fu_14977_p2              |       xor|   0|  0|    64|          64|          64|
    |xor_ln249_fu_7830_p2               |       xor|   0|  0|    64|          64|          64|
    |xor_ln250_fu_7837_p2               |       xor|   0|  0|    64|          64|          64|
    |xor_ln251_fu_7849_p2               |       xor|   0|  0|    64|          64|          64|
    |xor_ln252_fu_7856_p2               |       xor|   0|  0|    64|          64|          64|
    |xor_ln31_fu_15119_p2               |       xor|   0|  0|    64|          64|          64|
    |xor_ln32_fu_15126_p2               |       xor|   0|  0|    64|          64|          64|
    |xor_ln39_fu_15112_p2               |       xor|   0|  0|    64|          64|          64|
    +-----------------------------------+----------+----+---+------+------------+------------+
    |Total                              |          |   0|  0| 41380|        6457|       28624|
    +-----------------------------------+----------+----+---+------+------------+------------+

    * Multiplexer: 
    +----------------------------------------------------------------+------+-----------+-----+-----------+
    |                              Name                              |  LUT | Input Size| Bits| Total Bits|
    +----------------------------------------------------------------+------+-----------+-----+-----------+
    |ap_NS_fsm                                                       |  2693|        557|    1|        557|
    |ap_done                                                         |     9|          2|    1|          2|
    |ap_phi_mux_flip_ax_101_phi_fu_2924_p4                           |     9|          2|   64|        128|
    |ap_phi_mux_flip_ax_103_phi_fu_2968_p4                           |     9|          2|   64|        128|
    |ap_phi_mux_flip_ax_105_phi_fu_3012_p4                           |     9|          2|   64|        128|
    |ap_phi_mux_flip_ax_107_phi_fu_3056_p4                           |     9|          2|   64|        128|
    |ap_phi_mux_flip_ax_109_phi_fu_3100_p4                           |     9|          2|   64|        128|
    |ap_phi_mux_flip_ax_111_phi_fu_3144_p4                           |     9|          2|   64|        128|
    |ap_phi_mux_flip_ax_113_phi_fu_3188_p4                           |     9|          2|   64|        128|
    |ap_phi_mux_flip_ax_115_phi_fu_3232_p4                           |     9|          2|   64|        128|
    |ap_phi_mux_flip_ax_117_phi_fu_3276_p4                           |     9|          2|   64|        128|
    |ap_phi_mux_flip_ax_119_phi_fu_3320_p4                           |     9|          2|   64|        128|
    |ap_phi_mux_flip_ax_11_phi_fu_944_p4                             |     9|          2|   64|        128|
    |ap_phi_mux_flip_ax_121_phi_fu_3364_p4                           |     9|          2|   64|        128|
    |ap_phi_mux_flip_ax_123_phi_fu_3408_p4                           |     9|          2|   64|        128|
    |ap_phi_mux_flip_ax_125_phi_fu_3452_p4                           |     9|          2|   64|        128|
    |ap_phi_mux_flip_ax_13_phi_fu_988_p4                             |     9|          2|   64|        128|
    |ap_phi_mux_flip_ax_15_phi_fu_1032_p4                            |     9|          2|   64|        128|
    |ap_phi_mux_flip_ax_17_phi_fu_1076_p4                            |     9|          2|   64|        128|
    |ap_phi_mux_flip_ax_19_phi_fu_1120_p4                            |     9|          2|   64|        128|
    |ap_phi_mux_flip_ax_1_phi_fu_733_p4                              |     9|          2|    1|          2|
    |ap_phi_mux_flip_ax_21_phi_fu_1164_p4                            |     9|          2|   64|        128|
    |ap_phi_mux_flip_ax_23_phi_fu_1208_p4                            |     9|          2|   64|        128|
    |ap_phi_mux_flip_ax_25_phi_fu_1252_p4                            |     9|          2|   64|        128|
    |ap_phi_mux_flip_ax_27_phi_fu_1296_p4                            |     9|          2|   64|        128|
    |ap_phi_mux_flip_ax_29_phi_fu_1340_p4                            |     9|          2|   64|        128|
    |ap_phi_mux_flip_ax_31_phi_fu_1384_p4                            |     9|          2|   64|        128|
    |ap_phi_mux_flip_ax_33_phi_fu_1428_p4                            |     9|          2|   64|        128|
    |ap_phi_mux_flip_ax_35_phi_fu_1472_p4                            |     9|          2|   64|        128|
    |ap_phi_mux_flip_ax_37_phi_fu_1516_p4                            |     9|          2|   64|        128|
    |ap_phi_mux_flip_ax_39_phi_fu_1560_p4                            |     9|          2|   64|        128|
    |ap_phi_mux_flip_ax_3_phi_fu_780_p4                              |     9|          2|    2|          4|
    |ap_phi_mux_flip_ax_41_phi_fu_1604_p4                            |     9|          2|   64|        128|
    |ap_phi_mux_flip_ax_43_phi_fu_1648_p4                            |     9|          2|   64|        128|
    |ap_phi_mux_flip_ax_45_phi_fu_1692_p4                            |     9|          2|   64|        128|
    |ap_phi_mux_flip_ax_47_phi_fu_1736_p4                            |     9|          2|   64|        128|
    |ap_phi_mux_flip_ax_49_phi_fu_1780_p4                            |     9|          2|   64|        128|
    |ap_phi_mux_flip_ax_51_phi_fu_1824_p4                            |     9|          2|   64|        128|
    |ap_phi_mux_flip_ax_53_phi_fu_1868_p4                            |     9|          2|   64|        128|
    |ap_phi_mux_flip_ax_55_phi_fu_1912_p4                            |     9|          2|   64|        128|
    |ap_phi_mux_flip_ax_57_phi_fu_1956_p4                            |     9|          2|   64|        128|
    |ap_phi_mux_flip_ax_59_phi_fu_2000_p4                            |     9|          2|   64|        128|
    |ap_phi_mux_flip_ax_5_phi_fu_816_p4                              |     9|          2|   64|        128|
    |ap_phi_mux_flip_ax_61_phi_fu_2044_p4                            |     9|          2|   64|        128|
    |ap_phi_mux_flip_ax_63_phi_fu_2088_p4                            |     9|          2|   64|        128|
    |ap_phi_mux_flip_ax_65_phi_fu_2132_p4                            |     9|          2|   64|        128|
    |ap_phi_mux_flip_ax_67_phi_fu_2176_p4                            |     9|          2|   64|        128|
    |ap_phi_mux_flip_ax_69_phi_fu_2220_p4                            |     9|          2|   64|        128|
    |ap_phi_mux_flip_ax_71_phi_fu_2264_p4                            |     9|          2|   64|        128|
    |ap_phi_mux_flip_ax_73_phi_fu_2308_p4                            |     9|          2|   64|        128|
    |ap_phi_mux_flip_ax_75_phi_fu_2352_p4                            |     9|          2|   64|        128|
    |ap_phi_mux_flip_ax_77_phi_fu_2396_p4                            |     9|          2|   64|        128|
    |ap_phi_mux_flip_ax_79_phi_fu_2440_p4                            |     9|          2|   64|        128|
    |ap_phi_mux_flip_ax_7_phi_fu_856_p4                              |     9|          2|   64|        128|
    |ap_phi_mux_flip_ax_81_phi_fu_2484_p4                            |     9|          2|   64|        128|
    |ap_phi_mux_flip_ax_83_phi_fu_2528_p4                            |     9|          2|   64|        128|
    |ap_phi_mux_flip_ax_85_phi_fu_2572_p4                            |     9|          2|   64|        128|
    |ap_phi_mux_flip_ax_87_phi_fu_2616_p4                            |     9|          2|   64|        128|
    |ap_phi_mux_flip_ax_89_phi_fu_2660_p4                            |     9|          2|   64|        128|
    |ap_phi_mux_flip_ax_91_phi_fu_2704_p4                            |     9|          2|   64|        128|
    |ap_phi_mux_flip_ax_93_phi_fu_2748_p4                            |     9|          2|   64|        128|
    |ap_phi_mux_flip_ax_95_phi_fu_2792_p4                            |     9|          2|   64|        128|
    |ap_phi_mux_flip_ax_97_phi_fu_2836_p4                            |     9|          2|   64|        128|
    |ap_phi_mux_flip_ax_99_phi_fu_2880_p4                            |     9|          2|   64|        128|
    |ap_phi_mux_flip_ax_9_phi_fu_900_p4                              |     9|          2|   64|        128|
    |ap_phi_mux_flip_az_101_phi_fu_2935_p4                           |     9|          2|   64|        128|
    |ap_phi_mux_flip_az_103_phi_fu_2979_p4                           |     9|          2|   64|        128|
    |ap_phi_mux_flip_az_105_phi_fu_3023_p4                           |     9|          2|   64|        128|
    |ap_phi_mux_flip_az_107_phi_fu_3067_p4                           |     9|          2|   64|        128|
    |ap_phi_mux_flip_az_109_phi_fu_3111_p4                           |     9|          2|   64|        128|
    |ap_phi_mux_flip_az_111_phi_fu_3155_p4                           |     9|          2|   64|        128|
    |ap_phi_mux_flip_az_113_phi_fu_3199_p4                           |     9|          2|   64|        128|
    |ap_phi_mux_flip_az_115_phi_fu_3243_p4                           |     9|          2|   64|        128|
    |ap_phi_mux_flip_az_117_phi_fu_3287_p4                           |     9|          2|   64|        128|
    |ap_phi_mux_flip_az_119_phi_fu_3331_p4                           |     9|          2|   64|        128|
    |ap_phi_mux_flip_az_11_phi_fu_955_p4                             |     9|          2|   64|        128|
    |ap_phi_mux_flip_az_121_phi_fu_3375_p4                           |     9|          2|   64|        128|
    |ap_phi_mux_flip_az_123_phi_fu_3419_p4                           |     9|          2|   64|        128|
    |ap_phi_mux_flip_az_125_phi_fu_3463_p4                           |     9|          2|   64|        128|
    |ap_phi_mux_flip_az_13_phi_fu_999_p4                             |     9|          2|   64|        128|
    |ap_phi_mux_flip_az_15_phi_fu_1043_p4                            |     9|          2|   64|        128|
    |ap_phi_mux_flip_az_17_phi_fu_1087_p4                            |     9|          2|   64|        128|
    |ap_phi_mux_flip_az_19_phi_fu_1131_p4                            |     9|          2|   64|        128|
    |ap_phi_mux_flip_az_1_phi_fu_745_p4                              |     9|          2|    1|          2|
    |ap_phi_mux_flip_az_21_phi_fu_1175_p4                            |     9|          2|   64|        128|
    |ap_phi_mux_flip_az_23_phi_fu_1219_p4                            |     9|          2|   64|        128|
    |ap_phi_mux_flip_az_25_phi_fu_1263_p4                            |     9|          2|   64|        128|
    |ap_phi_mux_flip_az_27_phi_fu_1307_p4                            |     9|          2|   64|        128|
    |ap_phi_mux_flip_az_29_phi_fu_1351_p4                            |     9|          2|   64|        128|
    |ap_phi_mux_flip_az_31_phi_fu_1395_p4                            |     9|          2|   64|        128|
    |ap_phi_mux_flip_az_33_phi_fu_1439_p4                            |     9|          2|   64|        128|
    |ap_phi_mux_flip_az_35_phi_fu_1483_p4                            |     9|          2|   64|        128|
    |ap_phi_mux_flip_az_37_phi_fu_1527_p4                            |     9|          2|   64|        128|
    |ap_phi_mux_flip_az_39_phi_fu_1571_p4                            |     9|          2|   64|        128|
    |ap_phi_mux_flip_az_3_phi_fu_789_p4                              |     9|          2|    2|          4|
    |ap_phi_mux_flip_az_41_phi_fu_1615_p4                            |     9|          2|   64|        128|
    |ap_phi_mux_flip_az_43_phi_fu_1659_p4                            |     9|          2|   64|        128|
    |ap_phi_mux_flip_az_45_phi_fu_1703_p4                            |     9|          2|   64|        128|
    |ap_phi_mux_flip_az_47_phi_fu_1747_p4                            |     9|          2|   64|        128|
    |ap_phi_mux_flip_az_49_phi_fu_1791_p4                            |     9|          2|   64|        128|
    |ap_phi_mux_flip_az_51_phi_fu_1835_p4                            |     9|          2|   64|        128|
    |ap_phi_mux_flip_az_53_phi_fu_1879_p4                            |     9|          2|   64|        128|
    |ap_phi_mux_flip_az_55_phi_fu_1923_p4                            |     9|          2|   64|        128|
    |ap_phi_mux_flip_az_57_phi_fu_1967_p4                            |     9|          2|   64|        128|
    |ap_phi_mux_flip_az_59_phi_fu_2011_p4                            |     9|          2|   64|        128|
    |ap_phi_mux_flip_az_5_phi_fu_826_p4                              |     9|          2|   64|        128|
    |ap_phi_mux_flip_az_61_phi_fu_2055_p4                            |     9|          2|   64|        128|
    |ap_phi_mux_flip_az_63_phi_fu_2099_p4                            |     9|          2|   64|        128|
    |ap_phi_mux_flip_az_65_phi_fu_2143_p4                            |     9|          2|   64|        128|
    |ap_phi_mux_flip_az_67_phi_fu_2187_p4                            |     9|          2|   64|        128|
    |ap_phi_mux_flip_az_69_phi_fu_2231_p4                            |     9|          2|   64|        128|
    |ap_phi_mux_flip_az_71_phi_fu_2275_p4                            |     9|          2|   64|        128|
    |ap_phi_mux_flip_az_73_phi_fu_2319_p4                            |     9|          2|   64|        128|
    |ap_phi_mux_flip_az_75_phi_fu_2363_p4                            |     9|          2|   64|        128|
    |ap_phi_mux_flip_az_77_phi_fu_2407_p4                            |     9|          2|   64|        128|
    |ap_phi_mux_flip_az_79_phi_fu_2451_p4                            |     9|          2|   64|        128|
    |ap_phi_mux_flip_az_7_phi_fu_867_p4                              |     9|          2|   64|        128|
    |ap_phi_mux_flip_az_81_phi_fu_2495_p4                            |     9|          2|   64|        128|
    |ap_phi_mux_flip_az_83_phi_fu_2539_p4                            |     9|          2|   64|        128|
    |ap_phi_mux_flip_az_85_phi_fu_2583_p4                            |     9|          2|   64|        128|
    |ap_phi_mux_flip_az_87_phi_fu_2627_p4                            |     9|          2|   64|        128|
    |ap_phi_mux_flip_az_89_phi_fu_2671_p4                            |     9|          2|   64|        128|
    |ap_phi_mux_flip_az_91_phi_fu_2715_p4                            |     9|          2|   64|        128|
    |ap_phi_mux_flip_az_93_phi_fu_2759_p4                            |     9|          2|   64|        128|
    |ap_phi_mux_flip_az_95_phi_fu_2803_p4                            |     9|          2|   64|        128|
    |ap_phi_mux_flip_az_97_phi_fu_2847_p4                            |     9|          2|   64|        128|
    |ap_phi_mux_flip_az_99_phi_fu_2891_p4                            |     9|          2|   64|        128|
    |ap_phi_mux_flip_az_9_phi_fu_911_p4                              |     9|          2|   64|        128|
    |ap_phi_mux_flip_bx_101_phi_fu_2946_p4                           |     9|          2|   64|        128|
    |ap_phi_mux_flip_bx_103_phi_fu_2990_p4                           |     9|          2|   64|        128|
    |ap_phi_mux_flip_bx_105_phi_fu_3034_p4                           |     9|          2|   64|        128|
    |ap_phi_mux_flip_bx_107_phi_fu_3078_p4                           |     9|          2|   64|        128|
    |ap_phi_mux_flip_bx_109_phi_fu_3122_p4                           |     9|          2|   64|        128|
    |ap_phi_mux_flip_bx_111_phi_fu_3166_p4                           |     9|          2|   64|        128|
    |ap_phi_mux_flip_bx_113_phi_fu_3210_p4                           |     9|          2|   64|        128|
    |ap_phi_mux_flip_bx_115_phi_fu_3254_p4                           |     9|          2|   64|        128|
    |ap_phi_mux_flip_bx_117_phi_fu_3298_p4                           |     9|          2|   64|        128|
    |ap_phi_mux_flip_bx_119_phi_fu_3342_p4                           |     9|          2|   64|        128|
    |ap_phi_mux_flip_bx_11_phi_fu_966_p4                             |     9|          2|   64|        128|
    |ap_phi_mux_flip_bx_121_phi_fu_3386_p4                           |     9|          2|   64|        128|
    |ap_phi_mux_flip_bx_123_phi_fu_3430_p4                           |     9|          2|   64|        128|
    |ap_phi_mux_flip_bx_125_phi_fu_3474_p4                           |     9|          2|   64|        128|
    |ap_phi_mux_flip_bx_13_phi_fu_1010_p4                            |     9|          2|   64|        128|
    |ap_phi_mux_flip_bx_15_phi_fu_1054_p4                            |     9|          2|   64|        128|
    |ap_phi_mux_flip_bx_17_phi_fu_1098_p4                            |     9|          2|   64|        128|
    |ap_phi_mux_flip_bx_19_phi_fu_1142_p4                            |     9|          2|   64|        128|
    |ap_phi_mux_flip_bx_1_phi_fu_757_p4                              |     9|          2|    1|          2|
    |ap_phi_mux_flip_bx_21_phi_fu_1186_p4                            |     9|          2|   64|        128|
    |ap_phi_mux_flip_bx_23_phi_fu_1230_p4                            |     9|          2|   64|        128|
    |ap_phi_mux_flip_bx_25_phi_fu_1274_p4                            |     9|          2|   64|        128|
    |ap_phi_mux_flip_bx_27_phi_fu_1318_p4                            |     9|          2|   64|        128|
    |ap_phi_mux_flip_bx_29_phi_fu_1362_p4                            |     9|          2|   64|        128|
    |ap_phi_mux_flip_bx_31_phi_fu_1406_p4                            |     9|          2|   64|        128|
    |ap_phi_mux_flip_bx_33_phi_fu_1450_p4                            |     9|          2|   64|        128|
    |ap_phi_mux_flip_bx_35_phi_fu_1494_p4                            |     9|          2|   64|        128|
    |ap_phi_mux_flip_bx_37_phi_fu_1538_p4                            |     9|          2|   64|        128|
    |ap_phi_mux_flip_bx_39_phi_fu_1582_p4                            |     9|          2|   64|        128|
    |ap_phi_mux_flip_bx_3_phi_fu_798_p4                              |     9|          2|    2|          4|
    |ap_phi_mux_flip_bx_41_phi_fu_1626_p4                            |     9|          2|   64|        128|
    |ap_phi_mux_flip_bx_43_phi_fu_1670_p4                            |     9|          2|   64|        128|
    |ap_phi_mux_flip_bx_45_phi_fu_1714_p4                            |     9|          2|   64|        128|
    |ap_phi_mux_flip_bx_47_phi_fu_1758_p4                            |     9|          2|   64|        128|
    |ap_phi_mux_flip_bx_49_phi_fu_1802_p4                            |     9|          2|   64|        128|
    |ap_phi_mux_flip_bx_51_phi_fu_1846_p4                            |     9|          2|   64|        128|
    |ap_phi_mux_flip_bx_53_phi_fu_1890_p4                            |     9|          2|   64|        128|
    |ap_phi_mux_flip_bx_55_phi_fu_1934_p4                            |     9|          2|   64|        128|
    |ap_phi_mux_flip_bx_57_phi_fu_1978_p4                            |     9|          2|   64|        128|
    |ap_phi_mux_flip_bx_59_phi_fu_2022_p4                            |     9|          2|   64|        128|
    |ap_phi_mux_flip_bx_5_phi_fu_836_p4                              |     9|          2|   64|        128|
    |ap_phi_mux_flip_bx_61_phi_fu_2066_p4                            |     9|          2|   64|        128|
    |ap_phi_mux_flip_bx_63_phi_fu_2110_p4                            |     9|          2|   64|        128|
    |ap_phi_mux_flip_bx_65_phi_fu_2154_p4                            |     9|          2|   64|        128|
    |ap_phi_mux_flip_bx_67_phi_fu_2198_p4                            |     9|          2|   64|        128|
    |ap_phi_mux_flip_bx_69_phi_fu_2242_p4                            |     9|          2|   64|        128|
    |ap_phi_mux_flip_bx_71_phi_fu_2286_p4                            |     9|          2|   64|        128|
    |ap_phi_mux_flip_bx_73_phi_fu_2330_p4                            |     9|          2|   64|        128|
    |ap_phi_mux_flip_bx_75_phi_fu_2374_p4                            |     9|          2|   64|        128|
    |ap_phi_mux_flip_bx_77_phi_fu_2418_p4                            |     9|          2|   64|        128|
    |ap_phi_mux_flip_bx_79_phi_fu_2462_p4                            |     9|          2|   64|        128|
    |ap_phi_mux_flip_bx_7_phi_fu_878_p4                              |     9|          2|   64|        128|
    |ap_phi_mux_flip_bx_81_phi_fu_2506_p4                            |     9|          2|   64|        128|
    |ap_phi_mux_flip_bx_83_phi_fu_2550_p4                            |     9|          2|   64|        128|
    |ap_phi_mux_flip_bx_85_phi_fu_2594_p4                            |     9|          2|   64|        128|
    |ap_phi_mux_flip_bx_87_phi_fu_2638_p4                            |     9|          2|   64|        128|
    |ap_phi_mux_flip_bx_89_phi_fu_2682_p4                            |     9|          2|   64|        128|
    |ap_phi_mux_flip_bx_91_phi_fu_2726_p4                            |     9|          2|   64|        128|
    |ap_phi_mux_flip_bx_93_phi_fu_2770_p4                            |     9|          2|   64|        128|
    |ap_phi_mux_flip_bx_95_phi_fu_2814_p4                            |     9|          2|   64|        128|
    |ap_phi_mux_flip_bx_97_phi_fu_2858_p4                            |     9|          2|   64|        128|
    |ap_phi_mux_flip_bx_99_phi_fu_2902_p4                            |     9|          2|   64|        128|
    |ap_phi_mux_flip_bx_9_phi_fu_922_p4                              |     9|          2|   64|        128|
    |ap_phi_mux_flip_bz_101_phi_fu_2957_p4                           |     9|          2|   64|        128|
    |ap_phi_mux_flip_bz_103_phi_fu_3001_p4                           |     9|          2|   64|        128|
    |ap_phi_mux_flip_bz_105_phi_fu_3045_p4                           |     9|          2|   64|        128|
    |ap_phi_mux_flip_bz_107_phi_fu_3089_p4                           |     9|          2|   64|        128|
    |ap_phi_mux_flip_bz_109_phi_fu_3133_p4                           |     9|          2|   64|        128|
    |ap_phi_mux_flip_bz_111_phi_fu_3177_p4                           |     9|          2|   64|        128|
    |ap_phi_mux_flip_bz_113_phi_fu_3221_p4                           |     9|          2|   64|        128|
    |ap_phi_mux_flip_bz_115_phi_fu_3265_p4                           |     9|          2|   64|        128|
    |ap_phi_mux_flip_bz_117_phi_fu_3309_p4                           |     9|          2|   64|        128|
    |ap_phi_mux_flip_bz_119_phi_fu_3353_p4                           |     9|          2|   64|        128|
    |ap_phi_mux_flip_bz_11_phi_fu_977_p4                             |     9|          2|   64|        128|
    |ap_phi_mux_flip_bz_121_phi_fu_3397_p4                           |     9|          2|   64|        128|
    |ap_phi_mux_flip_bz_123_phi_fu_3441_p4                           |     9|          2|   64|        128|
    |ap_phi_mux_flip_bz_125_phi_fu_3485_p4                           |     9|          2|   64|        128|
    |ap_phi_mux_flip_bz_13_phi_fu_1021_p4                            |     9|          2|   64|        128|
    |ap_phi_mux_flip_bz_15_phi_fu_1065_p4                            |     9|          2|   64|        128|
    |ap_phi_mux_flip_bz_17_phi_fu_1109_p4                            |     9|          2|   64|        128|
    |ap_phi_mux_flip_bz_19_phi_fu_1153_p4                            |     9|          2|   64|        128|
    |ap_phi_mux_flip_bz_1_phi_fu_769_p4                              |     9|          2|    1|          2|
    |ap_phi_mux_flip_bz_21_phi_fu_1197_p4                            |     9|          2|   64|        128|
    |ap_phi_mux_flip_bz_23_phi_fu_1241_p4                            |     9|          2|   64|        128|
    |ap_phi_mux_flip_bz_25_phi_fu_1285_p4                            |     9|          2|   64|        128|
    |ap_phi_mux_flip_bz_27_phi_fu_1329_p4                            |     9|          2|   64|        128|
    |ap_phi_mux_flip_bz_29_phi_fu_1373_p4                            |     9|          2|   64|        128|
    |ap_phi_mux_flip_bz_31_phi_fu_1417_p4                            |     9|          2|   64|        128|
    |ap_phi_mux_flip_bz_33_phi_fu_1461_p4                            |     9|          2|   64|        128|
    |ap_phi_mux_flip_bz_35_phi_fu_1505_p4                            |     9|          2|   64|        128|
    |ap_phi_mux_flip_bz_37_phi_fu_1549_p4                            |     9|          2|   64|        128|
    |ap_phi_mux_flip_bz_39_phi_fu_1593_p4                            |     9|          2|   64|        128|
    |ap_phi_mux_flip_bz_3_phi_fu_807_p4                              |     9|          2|    2|          4|
    |ap_phi_mux_flip_bz_41_phi_fu_1637_p4                            |     9|          2|   64|        128|
    |ap_phi_mux_flip_bz_43_phi_fu_1681_p4                            |     9|          2|   64|        128|
    |ap_phi_mux_flip_bz_45_phi_fu_1725_p4                            |     9|          2|   64|        128|
    |ap_phi_mux_flip_bz_47_phi_fu_1769_p4                            |     9|          2|   64|        128|
    |ap_phi_mux_flip_bz_49_phi_fu_1813_p4                            |     9|          2|   64|        128|
    |ap_phi_mux_flip_bz_51_phi_fu_1857_p4                            |     9|          2|   64|        128|
    |ap_phi_mux_flip_bz_53_phi_fu_1901_p4                            |     9|          2|   64|        128|
    |ap_phi_mux_flip_bz_55_phi_fu_1945_p4                            |     9|          2|   64|        128|
    |ap_phi_mux_flip_bz_57_phi_fu_1989_p4                            |     9|          2|   64|        128|
    |ap_phi_mux_flip_bz_59_phi_fu_2033_p4                            |     9|          2|   64|        128|
    |ap_phi_mux_flip_bz_5_phi_fu_846_p4                              |     9|          2|   64|        128|
    |ap_phi_mux_flip_bz_61_phi_fu_2077_p4                            |     9|          2|   64|        128|
    |ap_phi_mux_flip_bz_63_phi_fu_2121_p4                            |     9|          2|   64|        128|
    |ap_phi_mux_flip_bz_65_phi_fu_2165_p4                            |     9|          2|   64|        128|
    |ap_phi_mux_flip_bz_67_phi_fu_2209_p4                            |     9|          2|   64|        128|
    |ap_phi_mux_flip_bz_69_phi_fu_2253_p4                            |     9|          2|   64|        128|
    |ap_phi_mux_flip_bz_71_phi_fu_2297_p4                            |     9|          2|   64|        128|
    |ap_phi_mux_flip_bz_73_phi_fu_2341_p4                            |     9|          2|   64|        128|
    |ap_phi_mux_flip_bz_75_phi_fu_2385_p4                            |     9|          2|   64|        128|
    |ap_phi_mux_flip_bz_77_phi_fu_2429_p4                            |     9|          2|   64|        128|
    |ap_phi_mux_flip_bz_79_phi_fu_2473_p4                            |     9|          2|   64|        128|
    |ap_phi_mux_flip_bz_7_phi_fu_889_p4                              |     9|          2|   64|        128|
    |ap_phi_mux_flip_bz_81_phi_fu_2517_p4                            |     9|          2|   64|        128|
    |ap_phi_mux_flip_bz_83_phi_fu_2561_p4                            |     9|          2|   64|        128|
    |ap_phi_mux_flip_bz_85_phi_fu_2605_p4                            |     9|          2|   64|        128|
    |ap_phi_mux_flip_bz_87_phi_fu_2649_p4                            |     9|          2|   64|        128|
    |ap_phi_mux_flip_bz_89_phi_fu_2693_p4                            |     9|          2|   64|        128|
    |ap_phi_mux_flip_bz_91_phi_fu_2737_p4                            |     9|          2|   64|        128|
    |ap_phi_mux_flip_bz_93_phi_fu_2781_p4                            |     9|          2|   64|        128|
    |ap_phi_mux_flip_bz_95_phi_fu_2825_p4                            |     9|          2|   64|        128|
    |ap_phi_mux_flip_bz_97_phi_fu_2869_p4                            |     9|          2|   64|        128|
    |ap_phi_mux_flip_bz_99_phi_fu_2913_p4                            |     9|          2|   64|        128|
    |ap_phi_mux_flip_bz_9_phi_fu_933_p4                              |     9|          2|   64|        128|
    |flip_ax_101_reg_2921                                            |     9|          2|   64|        128|
    |flip_ax_103_reg_2965                                            |     9|          2|   64|        128|
    |flip_ax_105_reg_3009                                            |     9|          2|   64|        128|
    |flip_ax_107_reg_3053                                            |     9|          2|   64|        128|
    |flip_ax_109_reg_3097                                            |     9|          2|   64|        128|
    |flip_ax_111_reg_3141                                            |     9|          2|   64|        128|
    |flip_ax_113_reg_3185                                            |     9|          2|   64|        128|
    |flip_ax_115_reg_3229                                            |     9|          2|   64|        128|
    |flip_ax_117_reg_3273                                            |     9|          2|   64|        128|
    |flip_ax_119_reg_3317                                            |     9|          2|   64|        128|
    |flip_ax_11_reg_941                                              |     9|          2|   64|        128|
    |flip_ax_121_reg_3361                                            |     9|          2|   64|        128|
    |flip_ax_123_reg_3405                                            |     9|          2|   64|        128|
    |flip_ax_125_reg_3449                                            |     9|          2|   64|        128|
    |flip_ax_127_reg_3493                                            |     9|          2|   64|        128|
    |flip_ax_13_reg_985                                              |     9|          2|   64|        128|
    |flip_ax_15_reg_1029                                             |     9|          2|   64|        128|
    |flip_ax_17_reg_1073                                             |     9|          2|   64|        128|
    |flip_ax_19_reg_1117                                             |     9|          2|   64|        128|
    |flip_ax_1_reg_729                                               |     9|          2|    1|          2|
    |flip_ax_21_reg_1161                                             |     9|          2|   64|        128|
    |flip_ax_23_reg_1205                                             |     9|          2|   64|        128|
    |flip_ax_25_reg_1249                                             |     9|          2|   64|        128|
    |flip_ax_27_reg_1293                                             |     9|          2|   64|        128|
    |flip_ax_29_reg_1337                                             |     9|          2|   64|        128|
    |flip_ax_31_reg_1381                                             |     9|          2|   64|        128|
    |flip_ax_33_reg_1425                                             |     9|          2|   64|        128|
    |flip_ax_35_reg_1469                                             |     9|          2|   64|        128|
    |flip_ax_37_reg_1513                                             |     9|          2|   64|        128|
    |flip_ax_39_reg_1557                                             |     9|          2|   64|        128|
    |flip_ax_3_reg_777                                               |     9|          2|    2|          4|
    |flip_ax_41_reg_1601                                             |     9|          2|   64|        128|
    |flip_ax_43_reg_1645                                             |     9|          2|   64|        128|
    |flip_ax_45_reg_1689                                             |     9|          2|   64|        128|
    |flip_ax_47_reg_1733                                             |     9|          2|   64|        128|
    |flip_ax_49_reg_1777                                             |     9|          2|   64|        128|
    |flip_ax_51_reg_1821                                             |     9|          2|   64|        128|
    |flip_ax_53_reg_1865                                             |     9|          2|   64|        128|
    |flip_ax_55_reg_1909                                             |     9|          2|   64|        128|
    |flip_ax_57_reg_1953                                             |     9|          2|   64|        128|
    |flip_ax_59_reg_1997                                             |     9|          2|   64|        128|
    |flip_ax_5_reg_813                                               |     9|          2|   64|        128|
    |flip_ax_61_reg_2041                                             |     9|          2|   64|        128|
    |flip_ax_63_reg_2085                                             |     9|          2|   64|        128|
    |flip_ax_65_reg_2129                                             |     9|          2|   64|        128|
    |flip_ax_67_reg_2173                                             |     9|          2|   64|        128|
    |flip_ax_69_reg_2217                                             |     9|          2|   64|        128|
    |flip_ax_71_reg_2261                                             |     9|          2|   64|        128|
    |flip_ax_73_reg_2305                                             |     9|          2|   64|        128|
    |flip_ax_75_reg_2349                                             |     9|          2|   64|        128|
    |flip_ax_77_reg_2393                                             |     9|          2|   64|        128|
    |flip_ax_79_reg_2437                                             |     9|          2|   64|        128|
    |flip_ax_7_reg_853                                               |     9|          2|   64|        128|
    |flip_ax_81_reg_2481                                             |     9|          2|   64|        128|
    |flip_ax_83_reg_2525                                             |     9|          2|   64|        128|
    |flip_ax_85_reg_2569                                             |     9|          2|   64|        128|
    |flip_ax_87_reg_2613                                             |     9|          2|   64|        128|
    |flip_ax_89_reg_2657                                             |     9|          2|   64|        128|
    |flip_ax_91_reg_2701                                             |     9|          2|   64|        128|
    |flip_ax_93_reg_2745                                             |     9|          2|   64|        128|
    |flip_ax_95_reg_2789                                             |     9|          2|   64|        128|
    |flip_ax_97_reg_2833                                             |     9|          2|   64|        128|
    |flip_ax_99_reg_2877                                             |     9|          2|   64|        128|
    |flip_ax_9_reg_897                                               |     9|          2|   64|        128|
    |flip_az_101_reg_2932                                            |     9|          2|   64|        128|
    |flip_az_103_reg_2976                                            |     9|          2|   64|        128|
    |flip_az_105_reg_3020                                            |     9|          2|   64|        128|
    |flip_az_107_reg_3064                                            |     9|          2|   64|        128|
    |flip_az_109_reg_3108                                            |     9|          2|   64|        128|
    |flip_az_111_reg_3152                                            |     9|          2|   64|        128|
    |flip_az_113_reg_3196                                            |     9|          2|   64|        128|
    |flip_az_115_reg_3240                                            |     9|          2|   64|        128|
    |flip_az_117_reg_3284                                            |     9|          2|   64|        128|
    |flip_az_119_reg_3328                                            |     9|          2|   64|        128|
    |flip_az_11_reg_952                                              |     9|          2|   64|        128|
    |flip_az_121_reg_3372                                            |     9|          2|   64|        128|
    |flip_az_123_reg_3416                                            |     9|          2|   64|        128|
    |flip_az_125_reg_3460                                            |     9|          2|   64|        128|
    |flip_az_127_reg_3503                                            |     9|          2|   64|        128|
    |flip_az_13_reg_996                                              |     9|          2|   64|        128|
    |flip_az_15_reg_1040                                             |     9|          2|   64|        128|
    |flip_az_17_reg_1084                                             |     9|          2|   64|        128|
    |flip_az_19_reg_1128                                             |     9|          2|   64|        128|
    |flip_az_1_reg_741                                               |     9|          2|    1|          2|
    |flip_az_21_reg_1172                                             |     9|          2|   64|        128|
    |flip_az_23_reg_1216                                             |     9|          2|   64|        128|
    |flip_az_25_reg_1260                                             |     9|          2|   64|        128|
    |flip_az_27_reg_1304                                             |     9|          2|   64|        128|
    |flip_az_29_reg_1348                                             |     9|          2|   64|        128|
    |flip_az_31_reg_1392                                             |     9|          2|   64|        128|
    |flip_az_33_reg_1436                                             |     9|          2|   64|        128|
    |flip_az_35_reg_1480                                             |     9|          2|   64|        128|
    |flip_az_37_reg_1524                                             |     9|          2|   64|        128|
    |flip_az_39_reg_1568                                             |     9|          2|   64|        128|
    |flip_az_3_reg_786                                               |     9|          2|    2|          4|
    |flip_az_41_reg_1612                                             |     9|          2|   64|        128|
    |flip_az_43_reg_1656                                             |     9|          2|   64|        128|
    |flip_az_45_reg_1700                                             |     9|          2|   64|        128|
    |flip_az_47_reg_1744                                             |     9|          2|   64|        128|
    |flip_az_49_reg_1788                                             |     9|          2|   64|        128|
    |flip_az_51_reg_1832                                             |     9|          2|   64|        128|
    |flip_az_53_reg_1876                                             |     9|          2|   64|        128|
    |flip_az_55_reg_1920                                             |     9|          2|   64|        128|
    |flip_az_57_reg_1964                                             |     9|          2|   64|        128|
    |flip_az_59_reg_2008                                             |     9|          2|   64|        128|
    |flip_az_5_reg_823                                               |     9|          2|   64|        128|
    |flip_az_61_reg_2052                                             |     9|          2|   64|        128|
    |flip_az_63_reg_2096                                             |     9|          2|   64|        128|
    |flip_az_65_reg_2140                                             |     9|          2|   64|        128|
    |flip_az_67_reg_2184                                             |     9|          2|   64|        128|
    |flip_az_69_reg_2228                                             |     9|          2|   64|        128|
    |flip_az_71_reg_2272                                             |     9|          2|   64|        128|
    |flip_az_73_reg_2316                                             |     9|          2|   64|        128|
    |flip_az_75_reg_2360                                             |     9|          2|   64|        128|
    |flip_az_77_reg_2404                                             |     9|          2|   64|        128|
    |flip_az_79_reg_2448                                             |     9|          2|   64|        128|
    |flip_az_7_reg_864                                               |     9|          2|   64|        128|
    |flip_az_81_reg_2492                                             |     9|          2|   64|        128|
    |flip_az_83_reg_2536                                             |     9|          2|   64|        128|
    |flip_az_85_reg_2580                                             |     9|          2|   64|        128|
    |flip_az_87_reg_2624                                             |     9|          2|   64|        128|
    |flip_az_89_reg_2668                                             |     9|          2|   64|        128|
    |flip_az_91_reg_2712                                             |     9|          2|   64|        128|
    |flip_az_93_reg_2756                                             |     9|          2|   64|        128|
    |flip_az_95_reg_2800                                             |     9|          2|   64|        128|
    |flip_az_97_reg_2844                                             |     9|          2|   64|        128|
    |flip_az_99_reg_2888                                             |     9|          2|   64|        128|
    |flip_az_9_reg_908                                               |     9|          2|   64|        128|
    |flip_bx_101_reg_2943                                            |     9|          2|   64|        128|
    |flip_bx_103_reg_2987                                            |     9|          2|   64|        128|
    |flip_bx_105_reg_3031                                            |     9|          2|   64|        128|
    |flip_bx_107_reg_3075                                            |     9|          2|   64|        128|
    |flip_bx_109_reg_3119                                            |     9|          2|   64|        128|
    |flip_bx_111_reg_3163                                            |     9|          2|   64|        128|
    |flip_bx_113_reg_3207                                            |     9|          2|   64|        128|
    |flip_bx_115_reg_3251                                            |     9|          2|   64|        128|
    |flip_bx_117_reg_3295                                            |     9|          2|   64|        128|
    |flip_bx_119_reg_3339                                            |     9|          2|   64|        128|
    |flip_bx_11_reg_963                                              |     9|          2|   64|        128|
    |flip_bx_121_reg_3383                                            |     9|          2|   64|        128|
    |flip_bx_123_reg_3427                                            |     9|          2|   64|        128|
    |flip_bx_125_reg_3471                                            |     9|          2|   64|        128|
    |flip_bx_127_reg_3513                                            |     9|          2|   64|        128|
    |flip_bx_13_reg_1007                                             |     9|          2|   64|        128|
    |flip_bx_15_reg_1051                                             |     9|          2|   64|        128|
    |flip_bx_17_reg_1095                                             |     9|          2|   64|        128|
    |flip_bx_19_reg_1139                                             |     9|          2|   64|        128|
    |flip_bx_1_reg_753                                               |     9|          2|    1|          2|
    |flip_bx_21_reg_1183                                             |     9|          2|   64|        128|
    |flip_bx_23_reg_1227                                             |     9|          2|   64|        128|
    |flip_bx_25_reg_1271                                             |     9|          2|   64|        128|
    |flip_bx_27_reg_1315                                             |     9|          2|   64|        128|
    |flip_bx_29_reg_1359                                             |     9|          2|   64|        128|
    |flip_bx_31_reg_1403                                             |     9|          2|   64|        128|
    |flip_bx_33_reg_1447                                             |     9|          2|   64|        128|
    |flip_bx_35_reg_1491                                             |     9|          2|   64|        128|
    |flip_bx_37_reg_1535                                             |     9|          2|   64|        128|
    |flip_bx_39_reg_1579                                             |     9|          2|   64|        128|
    |flip_bx_3_reg_795                                               |     9|          2|    2|          4|
    |flip_bx_41_reg_1623                                             |     9|          2|   64|        128|
    |flip_bx_43_reg_1667                                             |     9|          2|   64|        128|
    |flip_bx_45_reg_1711                                             |     9|          2|   64|        128|
    |flip_bx_47_reg_1755                                             |     9|          2|   64|        128|
    |flip_bx_49_reg_1799                                             |     9|          2|   64|        128|
    |flip_bx_51_reg_1843                                             |     9|          2|   64|        128|
    |flip_bx_53_reg_1887                                             |     9|          2|   64|        128|
    |flip_bx_55_reg_1931                                             |     9|          2|   64|        128|
    |flip_bx_57_reg_1975                                             |     9|          2|   64|        128|
    |flip_bx_59_reg_2019                                             |     9|          2|   64|        128|
    |flip_bx_5_reg_833                                               |     9|          2|   64|        128|
    |flip_bx_61_reg_2063                                             |     9|          2|   64|        128|
    |flip_bx_63_reg_2107                                             |     9|          2|   64|        128|
    |flip_bx_65_reg_2151                                             |     9|          2|   64|        128|
    |flip_bx_67_reg_2195                                             |     9|          2|   64|        128|
    |flip_bx_69_reg_2239                                             |     9|          2|   64|        128|
    |flip_bx_71_reg_2283                                             |     9|          2|   64|        128|
    |flip_bx_73_reg_2327                                             |     9|          2|   64|        128|
    |flip_bx_75_reg_2371                                             |     9|          2|   64|        128|
    |flip_bx_77_reg_2415                                             |     9|          2|   64|        128|
    |flip_bx_79_reg_2459                                             |     9|          2|   64|        128|
    |flip_bx_7_reg_875                                               |     9|          2|   64|        128|
    |flip_bx_81_reg_2503                                             |     9|          2|   64|        128|
    |flip_bx_83_reg_2547                                             |     9|          2|   64|        128|
    |flip_bx_85_reg_2591                                             |     9|          2|   64|        128|
    |flip_bx_87_reg_2635                                             |     9|          2|   64|        128|
    |flip_bx_89_reg_2679                                             |     9|          2|   64|        128|
    |flip_bx_91_reg_2723                                             |     9|          2|   64|        128|
    |flip_bx_93_reg_2767                                             |     9|          2|   64|        128|
    |flip_bx_95_reg_2811                                             |     9|          2|   64|        128|
    |flip_bx_97_reg_2855                                             |     9|          2|   64|        128|
    |flip_bx_99_reg_2899                                             |     9|          2|   64|        128|
    |flip_bx_9_reg_919                                               |     9|          2|   64|        128|
    |flip_bz_101_reg_2954                                            |     9|          2|   64|        128|
    |flip_bz_103_reg_2998                                            |     9|          2|   64|        128|
    |flip_bz_105_reg_3042                                            |     9|          2|   64|        128|
    |flip_bz_107_reg_3086                                            |     9|          2|   64|        128|
    |flip_bz_109_reg_3130                                            |     9|          2|   64|        128|
    |flip_bz_111_reg_3174                                            |     9|          2|   64|        128|
    |flip_bz_113_reg_3218                                            |     9|          2|   64|        128|
    |flip_bz_115_reg_3262                                            |     9|          2|   64|        128|
    |flip_bz_117_reg_3306                                            |     9|          2|   64|        128|
    |flip_bz_119_reg_3350                                            |     9|          2|   64|        128|
    |flip_bz_11_reg_974                                              |     9|          2|   64|        128|
    |flip_bz_121_reg_3394                                            |     9|          2|   64|        128|
    |flip_bz_123_reg_3438                                            |     9|          2|   64|        128|
    |flip_bz_125_reg_3482                                            |     9|          2|   64|        128|
    |flip_bz_127_reg_3523                                            |     9|          2|   64|        128|
    |flip_bz_13_reg_1018                                             |     9|          2|   64|        128|
    |flip_bz_15_reg_1062                                             |     9|          2|   64|        128|
    |flip_bz_17_reg_1106                                             |     9|          2|   64|        128|
    |flip_bz_19_reg_1150                                             |     9|          2|   64|        128|
    |flip_bz_1_reg_765                                               |     9|          2|    1|          2|
    |flip_bz_21_reg_1194                                             |     9|          2|   64|        128|
    |flip_bz_23_reg_1238                                             |     9|          2|   64|        128|
    |flip_bz_25_reg_1282                                             |     9|          2|   64|        128|
    |flip_bz_27_reg_1326                                             |     9|          2|   64|        128|
    |flip_bz_29_reg_1370                                             |     9|          2|   64|        128|
    |flip_bz_31_reg_1414                                             |     9|          2|   64|        128|
    |flip_bz_33_reg_1458                                             |     9|          2|   64|        128|
    |flip_bz_35_reg_1502                                             |     9|          2|   64|        128|
    |flip_bz_37_reg_1546                                             |     9|          2|   64|        128|
    |flip_bz_39_reg_1590                                             |     9|          2|   64|        128|
    |flip_bz_3_reg_804                                               |     9|          2|    2|          4|
    |flip_bz_41_reg_1634                                             |     9|          2|   64|        128|
    |flip_bz_43_reg_1678                                             |     9|          2|   64|        128|
    |flip_bz_45_reg_1722                                             |     9|          2|   64|        128|
    |flip_bz_47_reg_1766                                             |     9|          2|   64|        128|
    |flip_bz_49_reg_1810                                             |     9|          2|   64|        128|
    |flip_bz_51_reg_1854                                             |     9|          2|   64|        128|
    |flip_bz_53_reg_1898                                             |     9|          2|   64|        128|
    |flip_bz_55_reg_1942                                             |     9|          2|   64|        128|
    |flip_bz_57_reg_1986                                             |     9|          2|   64|        128|
    |flip_bz_59_reg_2030                                             |     9|          2|   64|        128|
    |flip_bz_5_reg_843                                               |     9|          2|   64|        128|
    |flip_bz_61_reg_2074                                             |     9|          2|   64|        128|
    |flip_bz_63_reg_2118                                             |     9|          2|   64|        128|
    |flip_bz_65_reg_2162                                             |     9|          2|   64|        128|
    |flip_bz_67_reg_2206                                             |     9|          2|   64|        128|
    |flip_bz_69_reg_2250                                             |     9|          2|   64|        128|
    |flip_bz_71_reg_2294                                             |     9|          2|   64|        128|
    |flip_bz_73_reg_2338                                             |     9|          2|   64|        128|
    |flip_bz_75_reg_2382                                             |     9|          2|   64|        128|
    |flip_bz_77_reg_2426                                             |     9|          2|   64|        128|
    |flip_bz_79_reg_2470                                             |     9|          2|   64|        128|
    |flip_bz_7_reg_886                                               |     9|          2|   64|        128|
    |flip_bz_81_reg_2514                                             |     9|          2|   64|        128|
    |flip_bz_83_reg_2558                                             |     9|          2|   64|        128|
    |flip_bz_85_reg_2602                                             |     9|          2|   64|        128|
    |flip_bz_87_reg_2646                                             |     9|          2|   64|        128|
    |flip_bz_89_reg_2690                                             |     9|          2|   64|        128|
    |flip_bz_91_reg_2734                                             |     9|          2|   64|        128|
    |flip_bz_93_reg_2778                                             |     9|          2|   64|        128|
    |flip_bz_95_reg_2822                                             |     9|          2|   64|        128|
    |flip_bz_97_reg_2866                                             |     9|          2|   64|        128|
    |flip_bz_99_reg_2910                                             |     9|          2|   64|        128|
    |flip_bz_9_reg_930                                               |     9|          2|   64|        128|
    |fold_detectors_address0                                         |    20|          4|    8|         32|
    |fold_detectors_ce0                                              |    20|          4|    1|          4|
    |fold_detectors_ce1                                              |     9|          2|    1|          2|
    |fold_detectors_d0                                               |    14|          3|   64|        192|
    |fold_detectors_we0                                              |    14|          3|    1|          3|
    |fold_observables_address0                                       |    20|          4|    3|         12|
    |fold_observables_ce0                                            |    20|          4|    1|          4|
    |fold_observables_ce1                                            |     9|          2|    1|          2|
    |fold_observables_d0                                             |    14|          3|   64|        192|
    |fold_observables_we0                                            |    14|          3|    1|          3|
    |fs_x_address0                                                   |    65|         13|    7|         91|
    |fs_x_address1                                                   |    65|         12|    7|         84|
    |fs_x_ce0                                                        |    14|          3|    1|          3|
    |fs_x_d0                                                         |    31|          6|   64|        384|
    |fs_x_d1                                                         |    37|          7|   64|        448|
    |fs_x_we0                                                        |    14|          3|    1|          3|
    |fs_z_address0                                                   |    65|         14|    7|         98|
    |fs_z_address1                                                   |    65|         14|    7|         98|
    |fs_z_ce0                                                        |    14|          3|    1|          3|
    |fs_z_d0                                                         |    43|          8|   64|        512|
    |fs_z_d1                                                         |    43|          8|   64|        512|
    |fs_z_we0                                                        |    14|          3|    1|          3|
    |gmem0_ARADDR                                                    |    49|          9|   64|        576|
    |gmem0_ARLEN                                                     |    20|          4|   32|        128|
    |gmem0_ARVALID                                                   |    20|          4|    1|          4|
    |gmem0_RREADY                                                    |    20|          4|    1|          4|
    |gmem0_blk_n_AR                                                  |     9|          2|    1|          2|
    |gmem0_blk_n_R                                                   |     9|          2|    1|          2|
    |gmem1_AWADDR                                                    |    20|          4|   64|        256|
    |gmem1_AWLEN                                                     |    20|          4|   32|        128|
    |gmem1_AWVALID                                                   |    14|          3|    1|          3|
    |gmem1_BREADY                                                    |    14|          3|    1|          3|
    |gmem1_WDATA                                                     |    14|          3|  512|       1536|
    |gmem1_WSTRB                                                     |    14|          3|   64|        192|
    |gmem1_WVALID                                                    |    14|          3|    1|          3|
    |gmem1_blk_n_AW                                                  |     9|          2|    1|          2|
    |gmem1_blk_n_B                                                   |     9|          2|    1|          2|
    |gmem1_blk_n_W                                                   |     9|          2|    1|          2|
    |grp_p_anonymous_namespace_depolarize2_combo_fu_3564_index       |   279|         65|    4|        260|
    |grp_p_anonymous_namespace_draw_noise_fu_3553_instruction_index  |    20|          4|   32|        128|
    |grp_p_anonymous_namespace_draw_noise_fu_3553_modulus            |    14|          3|    3|          9|
    |grp_p_anonymous_namespace_draw_noise_fu_3553_threshold          |    20|          4|   32|        128|
    |i_1_reg_719                                                     |     9|          2|   64|        128|
    |layer_fu_334                                                    |     9|          2|   31|         62|
    +----------------------------------------------------------------+------+-----------+-----+-----------+
    |Total                                                           |  8513|       1835|32891|      69826|
    +----------------------------------------------------------------+------+-----------+-----+-----------+

    * Register: 
    +------------------------------------------------------------------------+-----+----+-----+-----------+
    |                                  Name                                  |  FF | LUT| Bits| Const Bits|
    +------------------------------------------------------------------------+-----+----+-----+-----------+
    |add_ln146_reg_15213                                                     |   64|   0|   64|          0|
    |add_ln148_reg_15208                                                     |   31|   0|   31|          0|
    |ap_CS_fsm                                                               |  556|   0|  556|          0|
    |ap_done_reg                                                             |    1|   0|    1|          0|
    |ap_rst_n_inv                                                            |    1|   0|    1|          0|
    |ap_rst_reg_1                                                            |    1|   0|    1|          0|
    |ap_rst_reg_2                                                            |    1|   0|    1|          0|
    |detector_out_read_reg_15175                                             |   64|   0|   64|          0|
    |effect_reg_17972                                                        |   64|   0|   64|          0|
    |empty_39_reg_15294                                                      |   64|   0|   64|          0|
    |empty_reg_15289                                                         |   64|   0|   64|          0|
    |flip_ax_101_reg_2921                                                    |   64|   0|   64|          0|
    |flip_ax_103_reg_2965                                                    |   64|   0|   64|          0|
    |flip_ax_105_reg_3009                                                    |   64|   0|   64|          0|
    |flip_ax_107_reg_3053                                                    |   64|   0|   64|          0|
    |flip_ax_109_reg_3097                                                    |   64|   0|   64|          0|
    |flip_ax_111_reg_3141                                                    |   64|   0|   64|          0|
    |flip_ax_113_reg_3185                                                    |   64|   0|   64|          0|
    |flip_ax_115_reg_3229                                                    |   64|   0|   64|          0|
    |flip_ax_117_reg_3273                                                    |   64|   0|   64|          0|
    |flip_ax_119_reg_3317                                                    |   64|   0|   64|          0|
    |flip_ax_11_reg_941                                                      |   64|   0|   64|          0|
    |flip_ax_121_reg_3361                                                    |   64|   0|   64|          0|
    |flip_ax_123_reg_3405                                                    |   64|   0|   64|          0|
    |flip_ax_125_reg_3449                                                    |   64|   0|   64|          0|
    |flip_ax_127_reg_3493                                                    |   64|   0|   64|          0|
    |flip_ax_13_reg_985                                                      |   64|   0|   64|          0|
    |flip_ax_15_reg_1029                                                     |   64|   0|   64|          0|
    |flip_ax_17_reg_1073                                                     |   64|   0|   64|          0|
    |flip_ax_19_reg_1117                                                     |   64|   0|   64|          0|
    |flip_ax_1_reg_729                                                       |    1|   0|    1|          0|
    |flip_ax_21_reg_1161                                                     |   64|   0|   64|          0|
    |flip_ax_23_reg_1205                                                     |   64|   0|   64|          0|
    |flip_ax_25_reg_1249                                                     |   64|   0|   64|          0|
    |flip_ax_27_reg_1293                                                     |   64|   0|   64|          0|
    |flip_ax_29_reg_1337                                                     |   64|   0|   64|          0|
    |flip_ax_31_reg_1381                                                     |   64|   0|   64|          0|
    |flip_ax_33_reg_1425                                                     |   64|   0|   64|          0|
    |flip_ax_35_reg_1469                                                     |   64|   0|   64|          0|
    |flip_ax_37_reg_1513                                                     |   64|   0|   64|          0|
    |flip_ax_39_reg_1557                                                     |   64|   0|   64|          0|
    |flip_ax_3_reg_777                                                       |    2|   0|    2|          0|
    |flip_ax_41_reg_1601                                                     |   64|   0|   64|          0|
    |flip_ax_43_reg_1645                                                     |   64|   0|   64|          0|
    |flip_ax_45_reg_1689                                                     |   64|   0|   64|          0|
    |flip_ax_47_reg_1733                                                     |   64|   0|   64|          0|
    |flip_ax_49_reg_1777                                                     |   64|   0|   64|          0|
    |flip_ax_51_reg_1821                                                     |   64|   0|   64|          0|
    |flip_ax_53_reg_1865                                                     |   64|   0|   64|          0|
    |flip_ax_55_reg_1909                                                     |   64|   0|   64|          0|
    |flip_ax_57_reg_1953                                                     |   64|   0|   64|          0|
    |flip_ax_59_reg_1997                                                     |   64|   0|   64|          0|
    |flip_ax_5_reg_813                                                       |   64|   0|   64|          0|
    |flip_ax_61_reg_2041                                                     |   64|   0|   64|          0|
    |flip_ax_63_reg_2085                                                     |   64|   0|   64|          0|
    |flip_ax_65_reg_2129                                                     |   64|   0|   64|          0|
    |flip_ax_67_reg_2173                                                     |   64|   0|   64|          0|
    |flip_ax_69_reg_2217                                                     |   64|   0|   64|          0|
    |flip_ax_71_reg_2261                                                     |   64|   0|   64|          0|
    |flip_ax_73_reg_2305                                                     |   64|   0|   64|          0|
    |flip_ax_75_reg_2349                                                     |   64|   0|   64|          0|
    |flip_ax_77_reg_2393                                                     |   64|   0|   64|          0|
    |flip_ax_79_reg_2437                                                     |   64|   0|   64|          0|
    |flip_ax_7_reg_853                                                       |   64|   0|   64|          0|
    |flip_ax_81_reg_2481                                                     |   64|   0|   64|          0|
    |flip_ax_83_reg_2525                                                     |   64|   0|   64|          0|
    |flip_ax_85_reg_2569                                                     |   64|   0|   64|          0|
    |flip_ax_87_reg_2613                                                     |   64|   0|   64|          0|
    |flip_ax_89_reg_2657                                                     |   64|   0|   64|          0|
    |flip_ax_91_reg_2701                                                     |   64|   0|   64|          0|
    |flip_ax_93_reg_2745                                                     |   64|   0|   64|          0|
    |flip_ax_95_reg_2789                                                     |   64|   0|   64|          0|
    |flip_ax_97_reg_2833                                                     |   64|   0|   64|          0|
    |flip_ax_99_reg_2877                                                     |   64|   0|   64|          0|
    |flip_ax_9_reg_897                                                       |   64|   0|   64|          0|
    |flip_az_101_reg_2932                                                    |   64|   0|   64|          0|
    |flip_az_103_reg_2976                                                    |   64|   0|   64|          0|
    |flip_az_105_reg_3020                                                    |   64|   0|   64|          0|
    |flip_az_107_reg_3064                                                    |   64|   0|   64|          0|
    |flip_az_109_reg_3108                                                    |   64|   0|   64|          0|
    |flip_az_111_reg_3152                                                    |   64|   0|   64|          0|
    |flip_az_113_reg_3196                                                    |   64|   0|   64|          0|
    |flip_az_115_reg_3240                                                    |   64|   0|   64|          0|
    |flip_az_117_reg_3284                                                    |   64|   0|   64|          0|
    |flip_az_119_reg_3328                                                    |   64|   0|   64|          0|
    |flip_az_11_reg_952                                                      |   64|   0|   64|          0|
    |flip_az_121_reg_3372                                                    |   64|   0|   64|          0|
    |flip_az_123_reg_3416                                                    |   64|   0|   64|          0|
    |flip_az_125_reg_3460                                                    |   64|   0|   64|          0|
    |flip_az_127_reg_3503                                                    |   64|   0|   64|          0|
    |flip_az_13_reg_996                                                      |   64|   0|   64|          0|
    |flip_az_15_reg_1040                                                     |   64|   0|   64|          0|
    |flip_az_17_reg_1084                                                     |   64|   0|   64|          0|
    |flip_az_19_reg_1128                                                     |   64|   0|   64|          0|
    |flip_az_1_reg_741                                                       |    1|   0|    1|          0|
    |flip_az_21_reg_1172                                                     |   64|   0|   64|          0|
    |flip_az_23_reg_1216                                                     |   64|   0|   64|          0|
    |flip_az_25_reg_1260                                                     |   64|   0|   64|          0|
    |flip_az_27_reg_1304                                                     |   64|   0|   64|          0|
    |flip_az_29_reg_1348                                                     |   64|   0|   64|          0|
    |flip_az_31_reg_1392                                                     |   64|   0|   64|          0|
    |flip_az_33_reg_1436                                                     |   64|   0|   64|          0|
    |flip_az_35_reg_1480                                                     |   64|   0|   64|          0|
    |flip_az_37_reg_1524                                                     |   64|   0|   64|          0|
    |flip_az_39_reg_1568                                                     |   64|   0|   64|          0|
    |flip_az_3_reg_786                                                       |    2|   0|    2|          0|
    |flip_az_41_reg_1612                                                     |   64|   0|   64|          0|
    |flip_az_43_reg_1656                                                     |   64|   0|   64|          0|
    |flip_az_45_reg_1700                                                     |   64|   0|   64|          0|
    |flip_az_47_reg_1744                                                     |   64|   0|   64|          0|
    |flip_az_49_reg_1788                                                     |   64|   0|   64|          0|
    |flip_az_51_reg_1832                                                     |   64|   0|   64|          0|
    |flip_az_53_reg_1876                                                     |   64|   0|   64|          0|
    |flip_az_55_reg_1920                                                     |   64|   0|   64|          0|
    |flip_az_57_reg_1964                                                     |   64|   0|   64|          0|
    |flip_az_59_reg_2008                                                     |   64|   0|   64|          0|
    |flip_az_5_reg_823                                                       |   64|   0|   64|          0|
    |flip_az_61_reg_2052                                                     |   64|   0|   64|          0|
    |flip_az_63_reg_2096                                                     |   64|   0|   64|          0|
    |flip_az_65_reg_2140                                                     |   64|   0|   64|          0|
    |flip_az_67_reg_2184                                                     |   64|   0|   64|          0|
    |flip_az_69_reg_2228                                                     |   64|   0|   64|          0|
    |flip_az_71_reg_2272                                                     |   64|   0|   64|          0|
    |flip_az_73_reg_2316                                                     |   64|   0|   64|          0|
    |flip_az_75_reg_2360                                                     |   64|   0|   64|          0|
    |flip_az_77_reg_2404                                                     |   64|   0|   64|          0|
    |flip_az_79_reg_2448                                                     |   64|   0|   64|          0|
    |flip_az_7_reg_864                                                       |   64|   0|   64|          0|
    |flip_az_81_reg_2492                                                     |   64|   0|   64|          0|
    |flip_az_83_reg_2536                                                     |   64|   0|   64|          0|
    |flip_az_85_reg_2580                                                     |   64|   0|   64|          0|
    |flip_az_87_reg_2624                                                     |   64|   0|   64|          0|
    |flip_az_89_reg_2668                                                     |   64|   0|   64|          0|
    |flip_az_91_reg_2712                                                     |   64|   0|   64|          0|
    |flip_az_93_reg_2756                                                     |   64|   0|   64|          0|
    |flip_az_95_reg_2800                                                     |   64|   0|   64|          0|
    |flip_az_97_reg_2844                                                     |   64|   0|   64|          0|
    |flip_az_99_reg_2888                                                     |   64|   0|   64|          0|
    |flip_az_9_reg_908                                                       |   64|   0|   64|          0|
    |flip_bx_101_reg_2943                                                    |   64|   0|   64|          0|
    |flip_bx_103_reg_2987                                                    |   64|   0|   64|          0|
    |flip_bx_105_reg_3031                                                    |   64|   0|   64|          0|
    |flip_bx_107_reg_3075                                                    |   64|   0|   64|          0|
    |flip_bx_109_reg_3119                                                    |   64|   0|   64|          0|
    |flip_bx_111_reg_3163                                                    |   64|   0|   64|          0|
    |flip_bx_113_reg_3207                                                    |   64|   0|   64|          0|
    |flip_bx_115_reg_3251                                                    |   64|   0|   64|          0|
    |flip_bx_117_reg_3295                                                    |   64|   0|   64|          0|
    |flip_bx_119_reg_3339                                                    |   64|   0|   64|          0|
    |flip_bx_11_reg_963                                                      |   64|   0|   64|          0|
    |flip_bx_121_reg_3383                                                    |   64|   0|   64|          0|
    |flip_bx_123_reg_3427                                                    |   64|   0|   64|          0|
    |flip_bx_125_reg_3471                                                    |   64|   0|   64|          0|
    |flip_bx_127_reg_3513                                                    |   64|   0|   64|          0|
    |flip_bx_13_reg_1007                                                     |   64|   0|   64|          0|
    |flip_bx_15_reg_1051                                                     |   64|   0|   64|          0|
    |flip_bx_17_reg_1095                                                     |   64|   0|   64|          0|
    |flip_bx_19_reg_1139                                                     |   64|   0|   64|          0|
    |flip_bx_1_reg_753                                                       |    1|   0|    1|          0|
    |flip_bx_21_reg_1183                                                     |   64|   0|   64|          0|
    |flip_bx_23_reg_1227                                                     |   64|   0|   64|          0|
    |flip_bx_25_reg_1271                                                     |   64|   0|   64|          0|
    |flip_bx_27_reg_1315                                                     |   64|   0|   64|          0|
    |flip_bx_29_reg_1359                                                     |   64|   0|   64|          0|
    |flip_bx_31_reg_1403                                                     |   64|   0|   64|          0|
    |flip_bx_33_reg_1447                                                     |   64|   0|   64|          0|
    |flip_bx_35_reg_1491                                                     |   64|   0|   64|          0|
    |flip_bx_37_reg_1535                                                     |   64|   0|   64|          0|
    |flip_bx_39_reg_1579                                                     |   64|   0|   64|          0|
    |flip_bx_3_reg_795                                                       |    2|   0|    2|          0|
    |flip_bx_41_reg_1623                                                     |   64|   0|   64|          0|
    |flip_bx_43_reg_1667                                                     |   64|   0|   64|          0|
    |flip_bx_45_reg_1711                                                     |   64|   0|   64|          0|
    |flip_bx_47_reg_1755                                                     |   64|   0|   64|          0|
    |flip_bx_49_reg_1799                                                     |   64|   0|   64|          0|
    |flip_bx_51_reg_1843                                                     |   64|   0|   64|          0|
    |flip_bx_53_reg_1887                                                     |   64|   0|   64|          0|
    |flip_bx_55_reg_1931                                                     |   64|   0|   64|          0|
    |flip_bx_57_reg_1975                                                     |   64|   0|   64|          0|
    |flip_bx_59_reg_2019                                                     |   64|   0|   64|          0|
    |flip_bx_5_reg_833                                                       |   64|   0|   64|          0|
    |flip_bx_61_reg_2063                                                     |   64|   0|   64|          0|
    |flip_bx_63_reg_2107                                                     |   64|   0|   64|          0|
    |flip_bx_65_reg_2151                                                     |   64|   0|   64|          0|
    |flip_bx_67_reg_2195                                                     |   64|   0|   64|          0|
    |flip_bx_69_reg_2239                                                     |   64|   0|   64|          0|
    |flip_bx_71_reg_2283                                                     |   64|   0|   64|          0|
    |flip_bx_73_reg_2327                                                     |   64|   0|   64|          0|
    |flip_bx_75_reg_2371                                                     |   64|   0|   64|          0|
    |flip_bx_77_reg_2415                                                     |   64|   0|   64|          0|
    |flip_bx_79_reg_2459                                                     |   64|   0|   64|          0|
    |flip_bx_7_reg_875                                                       |   64|   0|   64|          0|
    |flip_bx_81_reg_2503                                                     |   64|   0|   64|          0|
    |flip_bx_83_reg_2547                                                     |   64|   0|   64|          0|
    |flip_bx_85_reg_2591                                                     |   64|   0|   64|          0|
    |flip_bx_87_reg_2635                                                     |   64|   0|   64|          0|
    |flip_bx_89_reg_2679                                                     |   64|   0|   64|          0|
    |flip_bx_91_reg_2723                                                     |   64|   0|   64|          0|
    |flip_bx_93_reg_2767                                                     |   64|   0|   64|          0|
    |flip_bx_95_reg_2811                                                     |   64|   0|   64|          0|
    |flip_bx_97_reg_2855                                                     |   64|   0|   64|          0|
    |flip_bx_99_reg_2899                                                     |   64|   0|   64|          0|
    |flip_bx_9_reg_919                                                       |   64|   0|   64|          0|
    |flip_bz_101_reg_2954                                                    |   64|   0|   64|          0|
    |flip_bz_103_reg_2998                                                    |   64|   0|   64|          0|
    |flip_bz_105_reg_3042                                                    |   64|   0|   64|          0|
    |flip_bz_107_reg_3086                                                    |   64|   0|   64|          0|
    |flip_bz_109_reg_3130                                                    |   64|   0|   64|          0|
    |flip_bz_111_reg_3174                                                    |   64|   0|   64|          0|
    |flip_bz_113_reg_3218                                                    |   64|   0|   64|          0|
    |flip_bz_115_reg_3262                                                    |   64|   0|   64|          0|
    |flip_bz_117_reg_3306                                                    |   64|   0|   64|          0|
    |flip_bz_119_reg_3350                                                    |   64|   0|   64|          0|
    |flip_bz_11_reg_974                                                      |   64|   0|   64|          0|
    |flip_bz_121_reg_3394                                                    |   64|   0|   64|          0|
    |flip_bz_123_reg_3438                                                    |   64|   0|   64|          0|
    |flip_bz_125_reg_3482                                                    |   64|   0|   64|          0|
    |flip_bz_127_reg_3523                                                    |   64|   0|   64|          0|
    |flip_bz_13_reg_1018                                                     |   64|   0|   64|          0|
    |flip_bz_15_reg_1062                                                     |   64|   0|   64|          0|
    |flip_bz_17_reg_1106                                                     |   64|   0|   64|          0|
    |flip_bz_19_reg_1150                                                     |   64|   0|   64|          0|
    |flip_bz_1_reg_765                                                       |    1|   0|    1|          0|
    |flip_bz_21_reg_1194                                                     |   64|   0|   64|          0|
    |flip_bz_23_reg_1238                                                     |   64|   0|   64|          0|
    |flip_bz_25_reg_1282                                                     |   64|   0|   64|          0|
    |flip_bz_27_reg_1326                                                     |   64|   0|   64|          0|
    |flip_bz_29_reg_1370                                                     |   64|   0|   64|          0|
    |flip_bz_31_reg_1414                                                     |   64|   0|   64|          0|
    |flip_bz_33_reg_1458                                                     |   64|   0|   64|          0|
    |flip_bz_35_reg_1502                                                     |   64|   0|   64|          0|
    |flip_bz_37_reg_1546                                                     |   64|   0|   64|          0|
    |flip_bz_39_reg_1590                                                     |   64|   0|   64|          0|
    |flip_bz_3_reg_804                                                       |    2|   0|    2|          0|
    |flip_bz_41_reg_1634                                                     |   64|   0|   64|          0|
    |flip_bz_43_reg_1678                                                     |   64|   0|   64|          0|
    |flip_bz_45_reg_1722                                                     |   64|   0|   64|          0|
    |flip_bz_47_reg_1766                                                     |   64|   0|   64|          0|
    |flip_bz_49_reg_1810                                                     |   64|   0|   64|          0|
    |flip_bz_51_reg_1854                                                     |   64|   0|   64|          0|
    |flip_bz_53_reg_1898                                                     |   64|   0|   64|          0|
    |flip_bz_55_reg_1942                                                     |   64|   0|   64|          0|
    |flip_bz_57_reg_1986                                                     |   64|   0|   64|          0|
    |flip_bz_59_reg_2030                                                     |   64|   0|   64|          0|
    |flip_bz_5_reg_843                                                       |   64|   0|   64|          0|
    |flip_bz_61_reg_2074                                                     |   64|   0|   64|          0|
    |flip_bz_63_reg_2118                                                     |   64|   0|   64|          0|
    |flip_bz_65_reg_2162                                                     |   64|   0|   64|          0|
    |flip_bz_67_reg_2206                                                     |   64|   0|   64|          0|
    |flip_bz_69_reg_2250                                                     |   64|   0|   64|          0|
    |flip_bz_71_reg_2294                                                     |   64|   0|   64|          0|
    |flip_bz_73_reg_2338                                                     |   64|   0|   64|          0|
    |flip_bz_75_reg_2382                                                     |   64|   0|   64|          0|
    |flip_bz_77_reg_2426                                                     |   64|   0|   64|          0|
    |flip_bz_79_reg_2470                                                     |   64|   0|   64|          0|
    |flip_bz_7_reg_886                                                       |   64|   0|   64|          0|
    |flip_bz_81_reg_2514                                                     |   64|   0|   64|          0|
    |flip_bz_83_reg_2558                                                     |   64|   0|   64|          0|
    |flip_bz_85_reg_2602                                                     |   64|   0|   64|          0|
    |flip_bz_87_reg_2646                                                     |   64|   0|   64|          0|
    |flip_bz_89_reg_2690                                                     |   64|   0|   64|          0|
    |flip_bz_91_reg_2734                                                     |   64|   0|   64|          0|
    |flip_bz_93_reg_2778                                                     |   64|   0|   64|          0|
    |flip_bz_95_reg_2822                                                     |   64|   0|   64|          0|
    |flip_bz_97_reg_2866                                                     |   64|   0|   64|          0|
    |flip_bz_99_reg_2910                                                     |   64|   0|   64|          0|
    |flip_bz_9_reg_930                                                       |   64|   0|   64|          0|
    |flip_x_112_reg_17718                                                    |   64|   0|   64|          0|
    |flip_x_127_reg_17732                                                    |   64|   0|   64|          0|
    |flip_x_142_reg_17746                                                    |   64|   0|   64|          0|
    |flip_x_157_reg_17760                                                    |   64|   0|   64|          0|
    |flip_x_172_reg_17774                                                    |   64|   0|   64|          0|
    |flip_x_17_reg_17627                                                     |   64|   0|   64|          0|
    |flip_x_187_reg_17788                                                    |   64|   0|   64|          0|
    |flip_x_19_reg_17632                                                     |   64|   0|   64|          0|
    |flip_x_202_reg_17802                                                    |   64|   0|   64|          0|
    |flip_x_217_reg_17816                                                    |   64|   0|   64|          0|
    |flip_x_232_reg_17830                                                    |   64|   0|   64|          0|
    |flip_x_247_reg_17844                                                    |   64|   0|   64|          0|
    |flip_x_262_reg_17858                                                    |   64|   0|   64|          0|
    |flip_x_277_reg_17872                                                    |   64|   0|   64|          0|
    |flip_x_292_reg_17886                                                    |   64|   0|   64|          0|
    |flip_x_2_reg_16166                                                      |    1|   0|    1|          0|
    |flip_x_307_reg_17900                                                    |   64|   0|   64|          0|
    |flip_x_37_reg_17651                                                     |   64|   0|   64|          0|
    |flip_x_52_reg_17663                                                     |   64|   0|   64|          0|
    |flip_x_67_reg_17676                                                     |   64|   0|   64|          0|
    |flip_x_82_reg_17690                                                     |   64|   0|   64|          0|
    |flip_x_97_reg_17704                                                     |   64|   0|   64|          0|
    |flip_z_101_reg_17711                                                    |   64|   0|   64|          0|
    |flip_z_116_reg_17725                                                    |   64|   0|   64|          0|
    |flip_z_131_reg_17739                                                    |   64|   0|   64|          0|
    |flip_z_146_reg_17753                                                    |   64|   0|   64|          0|
    |flip_z_161_reg_17767                                                    |   64|   0|   64|          0|
    |flip_z_16_reg_17622                                                     |   64|   0|   64|          0|
    |flip_z_176_reg_17781                                                    |   64|   0|   64|          0|
    |flip_z_18_reg_17638                                                     |   64|   0|   64|          0|
    |flip_z_191_reg_17795                                                    |   64|   0|   64|          0|
    |flip_z_1_reg_16160                                                      |    1|   0|    1|          0|
    |flip_z_206_reg_17809                                                    |   64|   0|   64|          0|
    |flip_z_221_reg_17823                                                    |   64|   0|   64|          0|
    |flip_z_236_reg_17837                                                    |   64|   0|   64|          0|
    |flip_z_251_reg_17851                                                    |   64|   0|   64|          0|
    |flip_z_266_reg_17865                                                    |   64|   0|   64|          0|
    |flip_z_281_reg_17879                                                    |   64|   0|   64|          0|
    |flip_z_296_reg_17893                                                    |   64|   0|   64|          0|
    |flip_z_311_reg_17907                                                    |   64|   0|   64|          0|
    |flip_z_36_reg_17644                                                     |   64|   0|   64|          0|
    |flip_z_51_reg_17658                                                     |   64|   0|   64|          0|
    |flip_z_53_reg_17670                                                     |   64|   0|   64|          0|
    |flip_z_71_reg_17683                                                     |   64|   0|   64|          0|
    |flip_z_86_reg_17697                                                     |   64|   0|   64|          0|
    |fs_x_addr_10_reg_17914                                                  |    7|   0|    7|          0|
    |fs_x_addr_11_reg_17956                                                  |    7|   0|    7|          0|
    |fs_x_addr_12_reg_16114                                                  |    7|   0|    7|          0|
    |fs_x_addr_13_reg_16124                                                  |    7|   0|    7|          0|
    |fs_x_addr_3_reg_15413                                                   |    7|   0|    7|          0|
    |fs_x_addr_7_reg_15377                                                   |    7|   0|    7|          0|
    |fs_x_addr_9_reg_15361                                                   |    7|   0|    7|          0|
    |fs_x_addr_reg_15441                                                     |    7|   0|    7|          0|
    |fs_z_addr_10_reg_17920                                                  |    7|   0|    7|          0|
    |fs_z_addr_11_reg_17966                                                  |    7|   0|    7|          0|
    |fs_z_addr_12_reg_16119                                                  |    7|   0|    7|          0|
    |fs_z_addr_13_reg_16129                                                  |    7|   0|    7|          0|
    |fs_z_addr_1_reg_15435                                                   |    7|   0|    7|          0|
    |fs_z_addr_3_reg_15424                                                   |    7|   0|    7|          0|
    |fs_z_addr_4_reg_15397                                                   |    7|   0|    7|          0|
    |fs_z_addr_5_reg_15402                                                   |    7|   0|    7|          0|
    |fs_z_addr_7_reg_15382                                                   |    7|   0|    7|          0|
    |fs_z_addr_9_reg_15367                                                   |    7|   0|    7|          0|
    |fs_z_addr_reg_15447                                                     |    7|   0|    7|          0|
    |gmem0_addr_1_read_reg_15271                                             |  512|   0|  512|          0|
    |gmem0_addr_2_read_reg_15317                                             |  512|   0|  512|          0|
    |gmem0_addr_3_read_reg_17932                                             |  512|   0|  512|          0|
    |gmem0_addr_4_read_reg_16145                                             |  512|   0|  512|          0|
    |gmem0_addr_5_read_reg_15459                                             |  512|   0|  512|          0|
    |gmem0_addr_read_reg_15261                                               |  512|   0|  512|          0|
    |grp_p_anonymous_namespace_depolarize2_combo_fu_3564_ap_start_reg        |    1|   0|    1|          0|
    |grp_p_anonymous_namespace_draw_noise_fu_3553_ap_start_reg               |    1|   0|    1|          0|
    |grp_stim_frame_sampler_Pipeline_FOLD_DETECTORS_fu_3577_ap_start_reg     |    1|   0|    1|          0|
    |grp_stim_frame_sampler_Pipeline_FOLD_OBSERVABLES_fu_3586_ap_start_reg   |    1|   0|    1|          0|
    |grp_stim_frame_sampler_Pipeline_RESET_ALL_QUBITS_fu_3533_ap_start_reg   |    1|   0|    1|          0|
    |grp_stim_frame_sampler_Pipeline_RESET_DETECTORS_fu_3541_ap_start_reg    |    1|   0|    1|          0|
    |grp_stim_frame_sampler_Pipeline_RESET_OBSERVABLES_fu_3547_ap_start_reg  |    1|   0|    1|          0|
    |grp_stim_frame_sampler_Pipeline_WRITE_DETECTORS_fu_3595_ap_start_reg    |    1|   0|    1|          0|
    |grp_stim_frame_sampler_Pipeline_WRITE_OBSERVABLES_fu_3603_ap_start_reg  |    1|   0|    1|          0|
    |i_1_reg_719                                                             |   64|   0|   64|          0|
    |icmp_ln193_reg_15373                                                    |    1|   0|    1|          0|
    |icmp_ln206_reg_17947                                                    |    1|   0|    1|          0|
    |icmp_ln209_reg_17962                                                    |    1|   0|    1|          0|
    |icmp_ln223_10_reg_16410                                                 |    1|   0|    1|          0|
    |icmp_ln223_11_reg_16433                                                 |    1|   0|    1|          0|
    |icmp_ln223_12_reg_16456                                                 |    1|   0|    1|          0|
    |icmp_ln223_13_reg_16479                                                 |    1|   0|    1|          0|
    |icmp_ln223_14_reg_16502                                                 |    1|   0|    1|          0|
    |icmp_ln223_15_reg_16525                                                 |    1|   0|    1|          0|
    |icmp_ln223_16_reg_16548                                                 |    1|   0|    1|          0|
    |icmp_ln223_17_reg_16571                                                 |    1|   0|    1|          0|
    |icmp_ln223_18_reg_16594                                                 |    1|   0|    1|          0|
    |icmp_ln223_19_reg_16617                                                 |    1|   0|    1|          0|
    |icmp_ln223_1_reg_16203                                                  |    1|   0|    1|          0|
    |icmp_ln223_20_reg_16640                                                 |    1|   0|    1|          0|
    |icmp_ln223_21_reg_16663                                                 |    1|   0|    1|          0|
    |icmp_ln223_22_reg_16686                                                 |    1|   0|    1|          0|
    |icmp_ln223_23_reg_16709                                                 |    1|   0|    1|          0|
    |icmp_ln223_24_reg_16732                                                 |    1|   0|    1|          0|
    |icmp_ln223_25_reg_16755                                                 |    1|   0|    1|          0|
    |icmp_ln223_26_reg_16778                                                 |    1|   0|    1|          0|
    |icmp_ln223_27_reg_16801                                                 |    1|   0|    1|          0|
    |icmp_ln223_28_reg_16824                                                 |    1|   0|    1|          0|
    |icmp_ln223_29_reg_16847                                                 |    1|   0|    1|          0|
    |icmp_ln223_2_reg_16226                                                  |    1|   0|    1|          0|
    |icmp_ln223_30_reg_16870                                                 |    1|   0|    1|          0|
    |icmp_ln223_31_reg_16893                                                 |    1|   0|    1|          0|
    |icmp_ln223_32_reg_16916                                                 |    1|   0|    1|          0|
    |icmp_ln223_33_reg_16939                                                 |    1|   0|    1|          0|
    |icmp_ln223_34_reg_16962                                                 |    1|   0|    1|          0|
    |icmp_ln223_35_reg_16985                                                 |    1|   0|    1|          0|
    |icmp_ln223_36_reg_17008                                                 |    1|   0|    1|          0|
    |icmp_ln223_37_reg_17031                                                 |    1|   0|    1|          0|
    |icmp_ln223_38_reg_17054                                                 |    1|   0|    1|          0|
    |icmp_ln223_39_reg_17077                                                 |    1|   0|    1|          0|
    |icmp_ln223_3_reg_16249                                                  |    1|   0|    1|          0|
    |icmp_ln223_40_reg_17100                                                 |    1|   0|    1|          0|
    |icmp_ln223_41_reg_17123                                                 |    1|   0|    1|          0|
    |icmp_ln223_42_reg_17146                                                 |    1|   0|    1|          0|
    |icmp_ln223_43_reg_17169                                                 |    1|   0|    1|          0|
    |icmp_ln223_44_reg_17192                                                 |    1|   0|    1|          0|
    |icmp_ln223_45_reg_17215                                                 |    1|   0|    1|          0|
    |icmp_ln223_46_reg_17238                                                 |    1|   0|    1|          0|
    |icmp_ln223_47_reg_17261                                                 |    1|   0|    1|          0|
    |icmp_ln223_48_reg_17284                                                 |    1|   0|    1|          0|
    |icmp_ln223_49_reg_17307                                                 |    1|   0|    1|          0|
    |icmp_ln223_4_reg_16272                                                  |    1|   0|    1|          0|
    |icmp_ln223_50_reg_17330                                                 |    1|   0|    1|          0|
    |icmp_ln223_51_reg_17353                                                 |    1|   0|    1|          0|
    |icmp_ln223_52_reg_17376                                                 |    1|   0|    1|          0|
    |icmp_ln223_53_reg_17399                                                 |    1|   0|    1|          0|
    |icmp_ln223_54_reg_17422                                                 |    1|   0|    1|          0|
    |icmp_ln223_55_reg_17445                                                 |    1|   0|    1|          0|
    |icmp_ln223_56_reg_17468                                                 |    1|   0|    1|          0|
    |icmp_ln223_57_reg_17491                                                 |    1|   0|    1|          0|
    |icmp_ln223_58_reg_17514                                                 |    1|   0|    1|          0|
    |icmp_ln223_59_reg_17537                                                 |    1|   0|    1|          0|
    |icmp_ln223_5_reg_16295                                                  |    1|   0|    1|          0|
    |icmp_ln223_60_reg_17560                                                 |    1|   0|    1|          0|
    |icmp_ln223_61_reg_17583                                                 |    1|   0|    1|          0|
    |icmp_ln223_62_reg_17606                                                 |    1|   0|    1|          0|
    |icmp_ln223_6_reg_16318                                                  |    1|   0|    1|          0|
    |icmp_ln223_7_reg_16341                                                  |    1|   0|    1|          0|
    |icmp_ln223_8_reg_16364                                                  |    1|   0|    1|          0|
    |icmp_ln223_9_reg_16387                                                  |    1|   0|    1|          0|
    |icmp_ln223_reg_16180                                                    |    1|   0|    1|          0|
    |icmp_ln224_10_reg_16415                                                 |    1|   0|    1|          0|
    |icmp_ln224_11_reg_16438                                                 |    1|   0|    1|          0|
    |icmp_ln224_12_reg_16461                                                 |    1|   0|    1|          0|
    |icmp_ln224_13_reg_16484                                                 |    1|   0|    1|          0|
    |icmp_ln224_14_reg_16507                                                 |    1|   0|    1|          0|
    |icmp_ln224_15_reg_16530                                                 |    1|   0|    1|          0|
    |icmp_ln224_16_reg_16553                                                 |    1|   0|    1|          0|
    |icmp_ln224_17_reg_16576                                                 |    1|   0|    1|          0|
    |icmp_ln224_18_reg_16599                                                 |    1|   0|    1|          0|
    |icmp_ln224_19_reg_16622                                                 |    1|   0|    1|          0|
    |icmp_ln224_1_reg_16208                                                  |    1|   0|    1|          0|
    |icmp_ln224_20_reg_16645                                                 |    1|   0|    1|          0|
    |icmp_ln224_21_reg_16668                                                 |    1|   0|    1|          0|
    |icmp_ln224_22_reg_16691                                                 |    1|   0|    1|          0|
    |icmp_ln224_23_reg_16714                                                 |    1|   0|    1|          0|
    |icmp_ln224_24_reg_16737                                                 |    1|   0|    1|          0|
    |icmp_ln224_25_reg_16760                                                 |    1|   0|    1|          0|
    |icmp_ln224_26_reg_16783                                                 |    1|   0|    1|          0|
    |icmp_ln224_27_reg_16806                                                 |    1|   0|    1|          0|
    |icmp_ln224_28_reg_16829                                                 |    1|   0|    1|          0|
    |icmp_ln224_29_reg_16852                                                 |    1|   0|    1|          0|
    |icmp_ln224_2_reg_16231                                                  |    1|   0|    1|          0|
    |icmp_ln224_30_reg_16875                                                 |    1|   0|    1|          0|
    |icmp_ln224_31_reg_16898                                                 |    1|   0|    1|          0|
    |icmp_ln224_32_reg_16921                                                 |    1|   0|    1|          0|
    |icmp_ln224_33_reg_16944                                                 |    1|   0|    1|          0|
    |icmp_ln224_34_reg_16967                                                 |    1|   0|    1|          0|
    |icmp_ln224_35_reg_16990                                                 |    1|   0|    1|          0|
    |icmp_ln224_36_reg_17013                                                 |    1|   0|    1|          0|
    |icmp_ln224_37_reg_17036                                                 |    1|   0|    1|          0|
    |icmp_ln224_38_reg_17059                                                 |    1|   0|    1|          0|
    |icmp_ln224_39_reg_17082                                                 |    1|   0|    1|          0|
    |icmp_ln224_3_reg_16254                                                  |    1|   0|    1|          0|
    |icmp_ln224_40_reg_17105                                                 |    1|   0|    1|          0|
    |icmp_ln224_41_reg_17128                                                 |    1|   0|    1|          0|
    |icmp_ln224_42_reg_17151                                                 |    1|   0|    1|          0|
    |icmp_ln224_43_reg_17174                                                 |    1|   0|    1|          0|
    |icmp_ln224_44_reg_17197                                                 |    1|   0|    1|          0|
    |icmp_ln224_45_reg_17220                                                 |    1|   0|    1|          0|
    |icmp_ln224_46_reg_17243                                                 |    1|   0|    1|          0|
    |icmp_ln224_47_reg_17266                                                 |    1|   0|    1|          0|
    |icmp_ln224_48_reg_17289                                                 |    1|   0|    1|          0|
    |icmp_ln224_49_reg_17312                                                 |    1|   0|    1|          0|
    |icmp_ln224_4_reg_16277                                                  |    1|   0|    1|          0|
    |icmp_ln224_50_reg_17335                                                 |    1|   0|    1|          0|
    |icmp_ln224_51_reg_17358                                                 |    1|   0|    1|          0|
    |icmp_ln224_52_reg_17381                                                 |    1|   0|    1|          0|
    |icmp_ln224_53_reg_17404                                                 |    1|   0|    1|          0|
    |icmp_ln224_54_reg_17427                                                 |    1|   0|    1|          0|
    |icmp_ln224_55_reg_17450                                                 |    1|   0|    1|          0|
    |icmp_ln224_56_reg_17473                                                 |    1|   0|    1|          0|
    |icmp_ln224_57_reg_17496                                                 |    1|   0|    1|          0|
    |icmp_ln224_58_reg_17519                                                 |    1|   0|    1|          0|
    |icmp_ln224_59_reg_17542                                                 |    1|   0|    1|          0|
    |icmp_ln224_5_reg_16300                                                  |    1|   0|    1|          0|
    |icmp_ln224_60_reg_17565                                                 |    1|   0|    1|          0|
    |icmp_ln224_61_reg_17588                                                 |    1|   0|    1|          0|
    |icmp_ln224_62_reg_17611                                                 |    1|   0|    1|          0|
    |icmp_ln224_6_reg_16323                                                  |    1|   0|    1|          0|
    |icmp_ln224_7_reg_16346                                                  |    1|   0|    1|          0|
    |icmp_ln224_8_reg_16369                                                  |    1|   0|    1|          0|
    |icmp_ln224_9_reg_16392                                                  |    1|   0|    1|          0|
    |icmp_ln224_reg_16185                                                    |    1|   0|    1|          0|
    |icmp_ln225_10_reg_16398                                                 |    1|   0|    1|          0|
    |icmp_ln225_11_reg_16421                                                 |    1|   0|    1|          0|
    |icmp_ln225_12_reg_16444                                                 |    1|   0|    1|          0|
    |icmp_ln225_13_reg_16467                                                 |    1|   0|    1|          0|
    |icmp_ln225_14_reg_16490                                                 |    1|   0|    1|          0|
    |icmp_ln225_15_reg_16513                                                 |    1|   0|    1|          0|
    |icmp_ln225_16_reg_16536                                                 |    1|   0|    1|          0|
    |icmp_ln225_17_reg_16559                                                 |    1|   0|    1|          0|
    |icmp_ln225_18_reg_16582                                                 |    1|   0|    1|          0|
    |icmp_ln225_19_reg_16605                                                 |    1|   0|    1|          0|
    |icmp_ln225_1_reg_16191                                                  |    1|   0|    1|          0|
    |icmp_ln225_20_reg_16628                                                 |    1|   0|    1|          0|
    |icmp_ln225_21_reg_16651                                                 |    1|   0|    1|          0|
    |icmp_ln225_22_reg_16674                                                 |    1|   0|    1|          0|
    |icmp_ln225_23_reg_16697                                                 |    1|   0|    1|          0|
    |icmp_ln225_24_reg_16720                                                 |    1|   0|    1|          0|
    |icmp_ln225_25_reg_16743                                                 |    1|   0|    1|          0|
    |icmp_ln225_26_reg_16766                                                 |    1|   0|    1|          0|
    |icmp_ln225_27_reg_16789                                                 |    1|   0|    1|          0|
    |icmp_ln225_28_reg_16812                                                 |    1|   0|    1|          0|
    |icmp_ln225_29_reg_16835                                                 |    1|   0|    1|          0|
    |icmp_ln225_2_reg_16214                                                  |    1|   0|    1|          0|
    |icmp_ln225_30_reg_16858                                                 |    1|   0|    1|          0|
    |icmp_ln225_31_reg_16881                                                 |    1|   0|    1|          0|
    |icmp_ln225_32_reg_16904                                                 |    1|   0|    1|          0|
    |icmp_ln225_33_reg_16927                                                 |    1|   0|    1|          0|
    |icmp_ln225_34_reg_16950                                                 |    1|   0|    1|          0|
    |icmp_ln225_35_reg_16973                                                 |    1|   0|    1|          0|
    |icmp_ln225_36_reg_16996                                                 |    1|   0|    1|          0|
    |icmp_ln225_37_reg_17019                                                 |    1|   0|    1|          0|
    |icmp_ln225_38_reg_17042                                                 |    1|   0|    1|          0|
    |icmp_ln225_39_reg_17065                                                 |    1|   0|    1|          0|
    |icmp_ln225_3_reg_16237                                                  |    1|   0|    1|          0|
    |icmp_ln225_40_reg_17088                                                 |    1|   0|    1|          0|
    |icmp_ln225_41_reg_17111                                                 |    1|   0|    1|          0|
    |icmp_ln225_42_reg_17134                                                 |    1|   0|    1|          0|
    |icmp_ln225_43_reg_17157                                                 |    1|   0|    1|          0|
    |icmp_ln225_44_reg_17180                                                 |    1|   0|    1|          0|
    |icmp_ln225_45_reg_17203                                                 |    1|   0|    1|          0|
    |icmp_ln225_46_reg_17226                                                 |    1|   0|    1|          0|
    |icmp_ln225_47_reg_17249                                                 |    1|   0|    1|          0|
    |icmp_ln225_48_reg_17272                                                 |    1|   0|    1|          0|
    |icmp_ln225_49_reg_17295                                                 |    1|   0|    1|          0|
    |icmp_ln225_4_reg_16260                                                  |    1|   0|    1|          0|
    |icmp_ln225_50_reg_17318                                                 |    1|   0|    1|          0|
    |icmp_ln225_51_reg_17341                                                 |    1|   0|    1|          0|
    |icmp_ln225_52_reg_17364                                                 |    1|   0|    1|          0|
    |icmp_ln225_53_reg_17387                                                 |    1|   0|    1|          0|
    |icmp_ln225_54_reg_17410                                                 |    1|   0|    1|          0|
    |icmp_ln225_55_reg_17433                                                 |    1|   0|    1|          0|
    |icmp_ln225_56_reg_17456                                                 |    1|   0|    1|          0|
    |icmp_ln225_57_reg_17479                                                 |    1|   0|    1|          0|
    |icmp_ln225_58_reg_17502                                                 |    1|   0|    1|          0|
    |icmp_ln225_59_reg_17525                                                 |    1|   0|    1|          0|
    |icmp_ln225_5_reg_16283                                                  |    1|   0|    1|          0|
    |icmp_ln225_60_reg_17548                                                 |    1|   0|    1|          0|
    |icmp_ln225_61_reg_17571                                                 |    1|   0|    1|          0|
    |icmp_ln225_62_reg_17594                                                 |    1|   0|    1|          0|
    |icmp_ln225_63_reg_17617                                                 |    1|   0|    1|          0|
    |icmp_ln225_6_reg_16306                                                  |    1|   0|    1|          0|
    |icmp_ln225_7_reg_16329                                                  |    1|   0|    1|          0|
    |icmp_ln225_8_reg_16352                                                  |    1|   0|    1|          0|
    |icmp_ln225_9_reg_16375                                                  |    1|   0|    1|          0|
    |instructions_read_reg_15200                                             |   64|   0|   64|          0|
    |layer_fu_334                                                            |   31|   0|   31|          0|
    |layer_offsets_read_reg_15195                                            |   64|   0|   64|          0|
    |layer_start_reg_15266                                                   |   32|   0|   32|          0|
    |lshr_ln152_1_reg_15332                                                  |    7|   0|    7|          0|
    |lshr_ln152_2_reg_15341                                                  |    7|   0|    7|          0|
    |observable_out_read_reg_15170                                           |   64|   0|   64|          0|
    |reg_3918                                                                |   58|   0|   58|          0|
    |reg_3922                                                                |   64|   0|   64|          0|
    |tmp_102_reg_16633                                                       |    1|   0|    1|          0|
    |tmp_107_reg_16656                                                       |    1|   0|    1|          0|
    |tmp_112_reg_16679                                                       |    1|   0|    1|          0|
    |tmp_117_reg_16702                                                       |    1|   0|    1|          0|
    |tmp_122_reg_16725                                                       |    1|   0|    1|          0|
    |tmp_127_reg_16748                                                       |    1|   0|    1|          0|
    |tmp_12_reg_16219                                                        |    1|   0|    1|          0|
    |tmp_132_reg_16771                                                       |    1|   0|    1|          0|
    |tmp_137_reg_16794                                                       |    1|   0|    1|          0|
    |tmp_142_reg_16817                                                       |    1|   0|    1|          0|
    |tmp_147_reg_16840                                                       |    1|   0|    1|          0|
    |tmp_152_reg_16863                                                       |    1|   0|    1|          0|
    |tmp_157_reg_16886                                                       |    1|   0|    1|          0|
    |tmp_162_reg_16909                                                       |    1|   0|    1|          0|
    |tmp_167_reg_16932                                                       |    1|   0|    1|          0|
    |tmp_172_reg_16955                                                       |    1|   0|    1|          0|
    |tmp_177_reg_16978                                                       |    1|   0|    1|          0|
    |tmp_17_reg_16242                                                        |    1|   0|    1|          0|
    |tmp_182_reg_17001                                                       |    1|   0|    1|          0|
    |tmp_187_reg_17024                                                       |    1|   0|    1|          0|
    |tmp_192_reg_17047                                                       |    1|   0|    1|          0|
    |tmp_197_reg_17070                                                       |    1|   0|    1|          0|
    |tmp_202_reg_17093                                                       |    1|   0|    1|          0|
    |tmp_207_reg_17116                                                       |    1|   0|    1|          0|
    |tmp_212_reg_17139                                                       |    1|   0|    1|          0|
    |tmp_217_reg_17162                                                       |    1|   0|    1|          0|
    |tmp_222_reg_17185                                                       |    1|   0|    1|          0|
    |tmp_227_reg_17208                                                       |    1|   0|    1|          0|
    |tmp_22_reg_16265                                                        |    1|   0|    1|          0|
    |tmp_232_reg_17231                                                       |    1|   0|    1|          0|
    |tmp_237_reg_17254                                                       |    1|   0|    1|          0|
    |tmp_242_reg_17277                                                       |    1|   0|    1|          0|
    |tmp_247_reg_17300                                                       |    1|   0|    1|          0|
    |tmp_252_reg_17323                                                       |    1|   0|    1|          0|
    |tmp_257_reg_17346                                                       |    1|   0|    1|          0|
    |tmp_262_reg_17369                                                       |    1|   0|    1|          0|
    |tmp_267_reg_17392                                                       |    1|   0|    1|          0|
    |tmp_272_reg_17415                                                       |    1|   0|    1|          0|
    |tmp_277_reg_17438                                                       |    1|   0|    1|          0|
    |tmp_27_reg_16288                                                        |    1|   0|    1|          0|
    |tmp_282_reg_17461                                                       |    1|   0|    1|          0|
    |tmp_287_reg_17484                                                       |    1|   0|    1|          0|
    |tmp_292_reg_17507                                                       |    1|   0|    1|          0|
    |tmp_297_reg_17530                                                       |    1|   0|    1|          0|
    |tmp_302_reg_17553                                                       |    1|   0|    1|          0|
    |tmp_307_reg_17576                                                       |    1|   0|    1|          0|
    |tmp_312_reg_17599                                                       |    1|   0|    1|          0|
    |tmp_317_reg_15818                                                       |    1|   0|    1|          0|
    |tmp_318_reg_15846                                                       |    1|   0|    1|          0|
    |tmp_323_reg_15850                                                       |    1|   0|    1|          0|
    |tmp_328_reg_15854                                                       |    1|   0|    1|          0|
    |tmp_32_reg_16311                                                        |    1|   0|    1|          0|
    |tmp_333_reg_15858                                                       |    1|   0|    1|          0|
    |tmp_338_reg_15862                                                       |    1|   0|    1|          0|
    |tmp_343_reg_15866                                                       |    1|   0|    1|          0|
    |tmp_348_reg_15870                                                       |    1|   0|    1|          0|
    |tmp_353_reg_15874                                                       |    1|   0|    1|          0|
    |tmp_358_reg_15878                                                       |    1|   0|    1|          0|
    |tmp_363_reg_15882                                                       |    1|   0|    1|          0|
    |tmp_368_reg_15886                                                       |    1|   0|    1|          0|
    |tmp_373_reg_15890                                                       |    1|   0|    1|          0|
    |tmp_378_reg_15894                                                       |    1|   0|    1|          0|
    |tmp_37_reg_16334                                                        |    1|   0|    1|          0|
    |tmp_383_reg_15898                                                       |    1|   0|    1|          0|
    |tmp_388_reg_15902                                                       |    1|   0|    1|          0|
    |tmp_393_reg_15906                                                       |    1|   0|    1|          0|
    |tmp_398_reg_15910                                                       |    1|   0|    1|          0|
    |tmp_403_reg_15914                                                       |    1|   0|    1|          0|
    |tmp_408_reg_15918                                                       |    1|   0|    1|          0|
    |tmp_413_reg_15922                                                       |    1|   0|    1|          0|
    |tmp_418_reg_15926                                                       |    1|   0|    1|          0|
    |tmp_423_reg_15930                                                       |    1|   0|    1|          0|
    |tmp_428_reg_15934                                                       |    1|   0|    1|          0|
    |tmp_42_reg_16357                                                        |    1|   0|    1|          0|
    |tmp_433_reg_15938                                                       |    1|   0|    1|          0|
    |tmp_438_reg_15942                                                       |    1|   0|    1|          0|
    |tmp_443_reg_15946                                                       |    1|   0|    1|          0|
    |tmp_448_reg_15950                                                       |    1|   0|    1|          0|
    |tmp_453_reg_15954                                                       |    1|   0|    1|          0|
    |tmp_458_reg_15958                                                       |    1|   0|    1|          0|
    |tmp_463_reg_15962                                                       |    1|   0|    1|          0|
    |tmp_468_reg_15966                                                       |    1|   0|    1|          0|
    |tmp_473_reg_15970                                                       |    1|   0|    1|          0|
    |tmp_478_reg_15974                                                       |    1|   0|    1|          0|
    |tmp_47_reg_16380                                                        |    1|   0|    1|          0|
    |tmp_483_reg_15978                                                       |    1|   0|    1|          0|
    |tmp_488_reg_15982                                                       |    1|   0|    1|          0|
    |tmp_493_reg_15986                                                       |    1|   0|    1|          0|
    |tmp_498_reg_15990                                                       |    1|   0|    1|          0|
    |tmp_503_reg_15994                                                       |    1|   0|    1|          0|
    |tmp_508_reg_15998                                                       |    1|   0|    1|          0|
    |tmp_513_reg_16002                                                       |    1|   0|    1|          0|
    |tmp_518_reg_16006                                                       |    1|   0|    1|          0|
    |tmp_523_reg_16010                                                       |    1|   0|    1|          0|
    |tmp_528_reg_16014                                                       |    1|   0|    1|          0|
    |tmp_52_reg_16403                                                        |    1|   0|    1|          0|
    |tmp_533_reg_16018                                                       |    1|   0|    1|          0|
    |tmp_538_reg_16022                                                       |    1|   0|    1|          0|
    |tmp_543_reg_16026                                                       |    1|   0|    1|          0|
    |tmp_548_reg_16030                                                       |    1|   0|    1|          0|
    |tmp_553_reg_16034                                                       |    1|   0|    1|          0|
    |tmp_558_reg_16038                                                       |    1|   0|    1|          0|
    |tmp_563_reg_16042                                                       |    1|   0|    1|          0|
    |tmp_568_reg_16046                                                       |    1|   0|    1|          0|
    |tmp_573_reg_16050                                                       |    1|   0|    1|          0|
    |tmp_578_reg_16054                                                       |    1|   0|    1|          0|
    |tmp_57_reg_16426                                                        |    1|   0|    1|          0|
    |tmp_583_reg_16058                                                       |    1|   0|    1|          0|
    |tmp_588_reg_16062                                                       |    1|   0|    1|          0|
    |tmp_593_reg_16066                                                       |    1|   0|    1|          0|
    |tmp_598_reg_16070                                                       |    1|   0|    1|          0|
    |tmp_603_reg_16074                                                       |    1|   0|    1|          0|
    |tmp_608_reg_16078                                                       |    1|   0|    1|          0|
    |tmp_613_reg_16082                                                       |    1|   0|    1|          0|
    |tmp_618_reg_16086                                                       |    1|   0|    1|          0|
    |tmp_623_reg_16090                                                       |    1|   0|    1|          0|
    |tmp_62_reg_16449                                                        |    1|   0|    1|          0|
    |tmp_67_reg_16472                                                        |    1|   0|    1|          0|
    |tmp_72_reg_16495                                                        |    1|   0|    1|          0|
    |tmp_77_reg_16518                                                        |    1|   0|    1|          0|
    |tmp_7_reg_16196                                                         |    1|   0|    1|          0|
    |tmp_82_reg_16541                                                        |    1|   0|    1|          0|
    |tmp_87_reg_16564                                                        |    1|   0|    1|          0|
    |tmp_92_reg_16587                                                        |    1|   0|    1|          0|
    |tmp_97_reg_16610                                                        |    1|   0|    1|          0|
    |tmp_reg_16173                                                           |    1|   0|    1|          0|
    |trunc_ln147_1_reg_15218                                                 |   58|   0|   58|          0|
    |trunc_ln147_3_reg_15250                                                 |    6|   0|    6|          0|
    |trunc_ln147_4_reg_15245                                                 |   58|   0|   58|          0|
    |trunc_ln147_reg_15223                                                   |    6|   0|    6|          0|
    |trunc_ln152_1_reg_15322                                                 |    8|   0|    8|          0|
    |trunc_ln152_3_reg_15301                                                 |   58|   0|   58|          0|
    |trunc_ln152_reg_15306                                                   |    6|   0|    6|          0|
    |trunc_ln1_reg_15234                                                     |   58|   0|   58|          0|
    |trunc_ln205_1_reg_17937                                                 |   32|   0|   32|          0|
    |trunc_ln205_2_reg_17942                                                 |   32|   0|   32|          0|
    |trunc_ln205_reg_15356                                                   |    6|   0|    6|          0|
    |trunc_ln217_1_reg_16150                                                 |   32|   0|   32|          0|
    |trunc_ln217_2_reg_16155                                                 |   32|   0|   32|          0|
    |trunc_ln217_reg_15351                                                   |    6|   0|    6|          0|
    |trunc_ln235_10_reg_15503                                                |    4|   0|    4|          0|
    |trunc_ln235_11_reg_15508                                                |    4|   0|    4|          0|
    |trunc_ln235_12_reg_15513                                                |    4|   0|    4|          0|
    |trunc_ln235_13_reg_15518                                                |    4|   0|    4|          0|
    |trunc_ln235_14_reg_15523                                                |    4|   0|    4|          0|
    |trunc_ln235_15_reg_15528                                                |    4|   0|    4|          0|
    |trunc_ln235_16_reg_15533                                                |    4|   0|    4|          0|
    |trunc_ln235_17_reg_15538                                                |    4|   0|    4|          0|
    |trunc_ln235_18_reg_15543                                                |    4|   0|    4|          0|
    |trunc_ln235_19_reg_15548                                                |    4|   0|    4|          0|
    |trunc_ln235_1_reg_15464                                                 |   32|   0|   32|          0|
    |trunc_ln235_20_reg_15553                                                |    4|   0|    4|          0|
    |trunc_ln235_21_reg_15558                                                |    4|   0|    4|          0|
    |trunc_ln235_22_reg_15563                                                |    4|   0|    4|          0|
    |trunc_ln235_23_reg_15568                                                |    4|   0|    4|          0|
    |trunc_ln235_24_reg_15573                                                |    4|   0|    4|          0|
    |trunc_ln235_25_reg_15578                                                |    4|   0|    4|          0|
    |trunc_ln235_26_reg_15583                                                |    4|   0|    4|          0|
    |trunc_ln235_27_reg_15588                                                |    4|   0|    4|          0|
    |trunc_ln235_28_reg_15593                                                |    4|   0|    4|          0|
    |trunc_ln235_29_reg_15598                                                |    4|   0|    4|          0|
    |trunc_ln235_2_reg_15469                                                 |   32|   0|   32|          0|
    |trunc_ln235_30_reg_15603                                                |    4|   0|    4|          0|
    |trunc_ln235_31_reg_15608                                                |    4|   0|    4|          0|
    |trunc_ln235_32_reg_15613                                                |    4|   0|    4|          0|
    |trunc_ln235_33_reg_15618                                                |    4|   0|    4|          0|
    |trunc_ln235_34_reg_15623                                                |    4|   0|    4|          0|
    |trunc_ln235_35_reg_15628                                                |    4|   0|    4|          0|
    |trunc_ln235_36_reg_15633                                                |    4|   0|    4|          0|
    |trunc_ln235_37_reg_15638                                                |    4|   0|    4|          0|
    |trunc_ln235_38_reg_15643                                                |    4|   0|    4|          0|
    |trunc_ln235_39_reg_15648                                                |    4|   0|    4|          0|
    |trunc_ln235_40_reg_15653                                                |    4|   0|    4|          0|
    |trunc_ln235_41_reg_15658                                                |    4|   0|    4|          0|
    |trunc_ln235_42_reg_15663                                                |    4|   0|    4|          0|
    |trunc_ln235_43_reg_15668                                                |    4|   0|    4|          0|
    |trunc_ln235_44_reg_15673                                                |    4|   0|    4|          0|
    |trunc_ln235_45_reg_15678                                                |    4|   0|    4|          0|
    |trunc_ln235_46_reg_15683                                                |    4|   0|    4|          0|
    |trunc_ln235_47_reg_15688                                                |    4|   0|    4|          0|
    |trunc_ln235_48_reg_15693                                                |    4|   0|    4|          0|
    |trunc_ln235_49_reg_15698                                                |    4|   0|    4|          0|
    |trunc_ln235_4_reg_15474                                                 |    1|   0|    1|          0|
    |trunc_ln235_50_reg_15703                                                |    4|   0|    4|          0|
    |trunc_ln235_51_reg_15708                                                |    4|   0|    4|          0|
    |trunc_ln235_52_reg_15713                                                |    4|   0|    4|          0|
    |trunc_ln235_53_reg_15718                                                |    4|   0|    4|          0|
    |trunc_ln235_54_reg_15723                                                |    4|   0|    4|          0|
    |trunc_ln235_55_reg_15728                                                |    4|   0|    4|          0|
    |trunc_ln235_56_reg_15733                                                |    4|   0|    4|          0|
    |trunc_ln235_57_reg_15738                                                |    4|   0|    4|          0|
    |trunc_ln235_58_reg_15743                                                |    4|   0|    4|          0|
    |trunc_ln235_59_reg_15748                                                |    4|   0|    4|          0|
    |trunc_ln235_5_reg_15478                                                 |    4|   0|    4|          0|
    |trunc_ln235_60_reg_15753                                                |    4|   0|    4|          0|
    |trunc_ln235_61_reg_15758                                                |    4|   0|    4|          0|
    |trunc_ln235_62_reg_15763                                                |    4|   0|    4|          0|
    |trunc_ln235_63_reg_15768                                                |    4|   0|    4|          0|
    |trunc_ln235_64_reg_15773                                                |    4|   0|    4|          0|
    |trunc_ln235_65_reg_15778                                                |    4|   0|    4|          0|
    |trunc_ln235_66_reg_15783                                                |    4|   0|    4|          0|
    |trunc_ln235_67_reg_15788                                                |    4|   0|    4|          0|
    |trunc_ln235_68_reg_15793                                                |    4|   0|    4|          0|
    |trunc_ln235_6_reg_15483                                                 |    4|   0|    4|          0|
    |trunc_ln235_7_reg_15488                                                 |    4|   0|    4|          0|
    |trunc_ln235_8_reg_15493                                                 |    4|   0|    4|          0|
    |trunc_ln235_9_reg_15498                                                 |    4|   0|    4|          0|
    |trunc_ln235_reg_15346                                                   |    6|   0|    6|          0|
    |trunc_ln_reg_15228                                                      |   58|   0|   58|          0|
    |wide_trip_count_reg_15281                                               |   64|   0|   64|          0|
    |zext_ln207_reg_17951                                                    |    7|   0|   64|         57|
    |zext_ln236_4_reg_15822                                                  |    2|   0|   64|         62|
    |zext_ln236_5_reg_15828                                                  |    2|   0|   64|         62|
    |zext_ln236_6_reg_15834                                                  |    2|   0|   64|         62|
    |zext_ln236_7_reg_15840                                                  |    2|   0|   64|         62|
    |zext_ln37_reg_15392                                                     |    7|   0|   64|         57|
    +------------------------------------------------------------------------+-----+----+-----+-----------+
    |Total                                                                   |24405|   0|24767|        362|
    +------------------------------------------------------------------------+-----+----+-----+-----------+



================================================================
== Interface
================================================================
* Summary: 
+-----------------------+-----+-----+---------------+--------------------+--------------+
|       RTL Ports       | Dir | Bits|    Protocol   |    Source Object   |    C Type    |
+-----------------------+-----+-----+---------------+--------------------+--------------+
|s_axi_control_AWVALID  |   in|    1|          s_axi|             control|        scalar|
|s_axi_control_AWREADY  |  out|    1|          s_axi|             control|        scalar|
|s_axi_control_AWADDR   |   in|    7|          s_axi|             control|        scalar|
|s_axi_control_WVALID   |   in|    1|          s_axi|             control|        scalar|
|s_axi_control_WREADY   |  out|    1|          s_axi|             control|        scalar|
|s_axi_control_WDATA    |   in|   32|          s_axi|             control|        scalar|
|s_axi_control_WSTRB    |   in|    4|          s_axi|             control|        scalar|
|s_axi_control_ARVALID  |   in|    1|          s_axi|             control|        scalar|
|s_axi_control_ARREADY  |  out|    1|          s_axi|             control|        scalar|
|s_axi_control_ARADDR   |   in|    7|          s_axi|             control|        scalar|
|s_axi_control_RVALID   |  out|    1|          s_axi|             control|        scalar|
|s_axi_control_RREADY   |   in|    1|          s_axi|             control|        scalar|
|s_axi_control_RDATA    |  out|   32|          s_axi|             control|        scalar|
|s_axi_control_RRESP    |  out|    2|          s_axi|             control|        scalar|
|s_axi_control_BVALID   |  out|    1|          s_axi|             control|        scalar|
|s_axi_control_BREADY   |   in|    1|          s_axi|             control|        scalar|
|s_axi_control_BRESP    |  out|    2|          s_axi|             control|        scalar|
|ap_clk                 |   in|    1|  ap_ctrl_chain|  stim_frame_sampler|  return value|
|ap_rst_n               |   in|    1|  ap_ctrl_chain|  stim_frame_sampler|  return value|
|interrupt              |  out|    1|  ap_ctrl_chain|  stim_frame_sampler|  return value|
|m_axi_gmem0_AWVALID    |  out|    1|          m_axi|               gmem0|       pointer|
|m_axi_gmem0_AWREADY    |   in|    1|          m_axi|               gmem0|       pointer|
|m_axi_gmem0_AWADDR     |  out|   64|          m_axi|               gmem0|       pointer|
|m_axi_gmem0_AWID       |  out|    1|          m_axi|               gmem0|       pointer|
|m_axi_gmem0_AWLEN      |  out|    8|          m_axi|               gmem0|       pointer|
|m_axi_gmem0_AWSIZE     |  out|    3|          m_axi|               gmem0|       pointer|
|m_axi_gmem0_AWBURST    |  out|    2|          m_axi|               gmem0|       pointer|
|m_axi_gmem0_AWLOCK     |  out|    2|          m_axi|               gmem0|       pointer|
|m_axi_gmem0_AWCACHE    |  out|    4|          m_axi|               gmem0|       pointer|
|m_axi_gmem0_AWPROT     |  out|    3|          m_axi|               gmem0|       pointer|
|m_axi_gmem0_AWQOS      |  out|    4|          m_axi|               gmem0|       pointer|
|m_axi_gmem0_AWREGION   |  out|    4|          m_axi|               gmem0|       pointer|
|m_axi_gmem0_AWUSER     |  out|    1|          m_axi|               gmem0|       pointer|
|m_axi_gmem0_WVALID     |  out|    1|          m_axi|               gmem0|       pointer|
|m_axi_gmem0_WREADY     |   in|    1|          m_axi|               gmem0|       pointer|
|m_axi_gmem0_WDATA      |  out|  512|          m_axi|               gmem0|       pointer|
|m_axi_gmem0_WSTRB      |  out|   64|          m_axi|               gmem0|       pointer|
|m_axi_gmem0_WLAST      |  out|    1|          m_axi|               gmem0|       pointer|
|m_axi_gmem0_WID        |  out|    1|          m_axi|               gmem0|       pointer|
|m_axi_gmem0_WUSER      |  out|    1|          m_axi|               gmem0|       pointer|
|m_axi_gmem0_ARVALID    |  out|    1|          m_axi|               gmem0|       pointer|
|m_axi_gmem0_ARREADY    |   in|    1|          m_axi|               gmem0|       pointer|
|m_axi_gmem0_ARADDR     |  out|   64|          m_axi|               gmem0|       pointer|
|m_axi_gmem0_ARID       |  out|    1|          m_axi|               gmem0|       pointer|
|m_axi_gmem0_ARLEN      |  out|    8|          m_axi|               gmem0|       pointer|
|m_axi_gmem0_ARSIZE     |  out|    3|          m_axi|               gmem0|       pointer|
|m_axi_gmem0_ARBURST    |  out|    2|          m_axi|               gmem0|       pointer|
|m_axi_gmem0_ARLOCK     |  out|    2|          m_axi|               gmem0|       pointer|
|m_axi_gmem0_ARCACHE    |  out|    4|          m_axi|               gmem0|       pointer|
|m_axi_gmem0_ARPROT     |  out|    3|          m_axi|               gmem0|       pointer|
|m_axi_gmem0_ARQOS      |  out|    4|          m_axi|               gmem0|       pointer|
|m_axi_gmem0_ARREGION   |  out|    4|          m_axi|               gmem0|       pointer|
|m_axi_gmem0_ARUSER     |  out|    1|          m_axi|               gmem0|       pointer|
|m_axi_gmem0_RVALID     |   in|    1|          m_axi|               gmem0|       pointer|
|m_axi_gmem0_RREADY     |  out|    1|          m_axi|               gmem0|       pointer|
|m_axi_gmem0_RDATA      |   in|  512|          m_axi|               gmem0|       pointer|
|m_axi_gmem0_RLAST      |   in|    1|          m_axi|               gmem0|       pointer|
|m_axi_gmem0_RID        |   in|    1|          m_axi|               gmem0|       pointer|
|m_axi_gmem0_RUSER      |   in|    1|          m_axi|               gmem0|       pointer|
|m_axi_gmem0_RRESP      |   in|    2|          m_axi|               gmem0|       pointer|
|m_axi_gmem0_BVALID     |   in|    1|          m_axi|               gmem0|       pointer|
|m_axi_gmem0_BREADY     |  out|    1|          m_axi|               gmem0|       pointer|
|m_axi_gmem0_BRESP      |   in|    2|          m_axi|               gmem0|       pointer|
|m_axi_gmem0_BID        |   in|    1|          m_axi|               gmem0|       pointer|
|m_axi_gmem0_BUSER      |   in|    1|          m_axi|               gmem0|       pointer|
|m_axi_gmem1_AWVALID    |  out|    1|          m_axi|               gmem1|       pointer|
|m_axi_gmem1_AWREADY    |   in|    1|          m_axi|               gmem1|       pointer|
|m_axi_gmem1_AWADDR     |  out|   64|          m_axi|               gmem1|       pointer|
|m_axi_gmem1_AWID       |  out|    1|          m_axi|               gmem1|       pointer|
|m_axi_gmem1_AWLEN      |  out|    8|          m_axi|               gmem1|       pointer|
|m_axi_gmem1_AWSIZE     |  out|    3|          m_axi|               gmem1|       pointer|
|m_axi_gmem1_AWBURST    |  out|    2|          m_axi|               gmem1|       pointer|
|m_axi_gmem1_AWLOCK     |  out|    2|          m_axi|               gmem1|       pointer|
|m_axi_gmem1_AWCACHE    |  out|    4|          m_axi|               gmem1|       pointer|
|m_axi_gmem1_AWPROT     |  out|    3|          m_axi|               gmem1|       pointer|
|m_axi_gmem1_AWQOS      |  out|    4|          m_axi|               gmem1|       pointer|
|m_axi_gmem1_AWREGION   |  out|    4|          m_axi|               gmem1|       pointer|
|m_axi_gmem1_AWUSER     |  out|    1|          m_axi|               gmem1|       pointer|
|m_axi_gmem1_WVALID     |  out|    1|          m_axi|               gmem1|       pointer|
|m_axi_gmem1_WREADY     |   in|    1|          m_axi|               gmem1|       pointer|
|m_axi_gmem1_WDATA      |  out|  512|          m_axi|               gmem1|       pointer|
|m_axi_gmem1_WSTRB      |  out|   64|          m_axi|               gmem1|       pointer|
|m_axi_gmem1_WLAST      |  out|    1|          m_axi|               gmem1|       pointer|
|m_axi_gmem1_WID        |  out|    1|          m_axi|               gmem1|       pointer|
|m_axi_gmem1_WUSER      |  out|    1|          m_axi|               gmem1|       pointer|
|m_axi_gmem1_ARVALID    |  out|    1|          m_axi|               gmem1|       pointer|
|m_axi_gmem1_ARREADY    |   in|    1|          m_axi|               gmem1|       pointer|
|m_axi_gmem1_ARADDR     |  out|   64|          m_axi|               gmem1|       pointer|
|m_axi_gmem1_ARID       |  out|    1|          m_axi|               gmem1|       pointer|
|m_axi_gmem1_ARLEN      |  out|    8|          m_axi|               gmem1|       pointer|
|m_axi_gmem1_ARSIZE     |  out|    3|          m_axi|               gmem1|       pointer|
|m_axi_gmem1_ARBURST    |  out|    2|          m_axi|               gmem1|       pointer|
|m_axi_gmem1_ARLOCK     |  out|    2|          m_axi|               gmem1|       pointer|
|m_axi_gmem1_ARCACHE    |  out|    4|          m_axi|               gmem1|       pointer|
|m_axi_gmem1_ARPROT     |  out|    3|          m_axi|               gmem1|       pointer|
|m_axi_gmem1_ARQOS      |  out|    4|          m_axi|               gmem1|       pointer|
|m_axi_gmem1_ARREGION   |  out|    4|          m_axi|               gmem1|       pointer|
|m_axi_gmem1_ARUSER     |  out|    1|          m_axi|               gmem1|       pointer|
|m_axi_gmem1_RVALID     |   in|    1|          m_axi|               gmem1|       pointer|
|m_axi_gmem1_RREADY     |  out|    1|          m_axi|               gmem1|       pointer|
|m_axi_gmem1_RDATA      |   in|  512|          m_axi|               gmem1|       pointer|
|m_axi_gmem1_RLAST      |   in|    1|          m_axi|               gmem1|       pointer|
|m_axi_gmem1_RID        |   in|    1|          m_axi|               gmem1|       pointer|
|m_axi_gmem1_RUSER      |   in|    1|          m_axi|               gmem1|       pointer|
|m_axi_gmem1_RRESP      |   in|    2|          m_axi|               gmem1|       pointer|
|m_axi_gmem1_BVALID     |   in|    1|          m_axi|               gmem1|       pointer|
|m_axi_gmem1_BREADY     |  out|    1|          m_axi|               gmem1|       pointer|
|m_axi_gmem1_BRESP      |   in|    2|          m_axi|               gmem1|       pointer|
|m_axi_gmem1_BID        |   in|    1|          m_axi|               gmem1|       pointer|
|m_axi_gmem1_BUSER      |   in|    1|          m_axi|               gmem1|       pointer|
+-----------------------+-----+-----+---------------+--------------------+--------------+

